[{"model": "auth.user", "pk": 1, "fields": {"password": "pbkdf2_sha256$36000$eI1KfS8qzWZU$Ls20wIUJC4Er3vad5K57D7DySJFcb+Ek3RqUG/3MKfI=", "last_login": "2017-10-12T13:08:17.540", "is_superuser": true, "username": "admin", "first_name": "", "last_name": "", "email": "admin@gamil.com", "is_staff": true, "is_active": true, "date_joined": "2017-09-08T10:32:07.955", "groups": [], "user_permissions": []}}, {"model": "auth.user", "pk": 2, "fields": {"password": "pbkdf2_sha256$36000$RYEhP4FMhu8h$BtbAwwDdmJekhmqJwQkQPRt/GrozcKocqa6pzQSML4w=", "last_login": null, "is_superuser": false, "username": "ele", "first_name": "Empresa Logistica especializad", "last_name": "", "email": "", "is_staff": false, "is_active": true, "date_joined": "2017-09-08T12:48:52.786", "groups": [], "user_permissions": []}}, {"model": "auth.user", "pk": 3, "fields": {"password": "pbkdf2_sha256$36000$fwBpIaq0EliL$fDCj5/HOZjg8ttyXYMCcPdFiPBxWep31Lm9shrhYpGg=", "last_login": "2017-09-25T15:55:44.779", "is_superuser": false, "username": "comboca", "first_name": "Comboca", "last_name": "", "email": "", "is_staff": false, "is_active": true, "date_joined": "2017-09-08T12:57:36.666", "groups": [], "user_permissions": []}}, {"model": "auth.user", "pk": 4, "fields": {"password": "pbkdf2_sha256$36000$BQ6zBwzkyzsr$Xtu6k15PiAnA0CaW+RDlBbtOw9YWObthATvSfvr+KFs=", "last_login": null, "is_superuser": false, "username": "rafael", "first_name": "Rafael Andres", "last_name": "Gomez Hermida", "email": "", "is_staff": false, "is_active": true, "date_joined": "2017-09-08T13:07:41", "groups": [], "user_permissions": []}}, {"model": "auth.user", "pk": 5, "fields": {"password": "pbkdf2_sha256$36000$W7IplC81vpLc$kYXKCeac4OfXQ2BY0QJVOVzTHuRaBZqpSwXemJ3yZzc=", "last_login": null, "is_superuser": false, "username": "rafaels", "first_name": "Rafael", "last_name": "Sanchez", "email": "", "is_staff": false, "is_active": true, "date_joined": "2017-09-08T13:10:23.344", "groups": [], "user_permissions": []}}, {"model": "auth.user", "pk": 6, "fields": {"password": "pbkdf2_sha256$36000$5FqQstcneEOy$mS/f856xEvggedXDk82dXk0qHZOkCiCGDapX+/I6JYA=", "last_login": null, "is_superuser": false, "username": "henri", "first_name": "Henry", "last_name": "Escalante Gonzales", "email": "", "is_staff": false, "is_active": true, "date_joined": "2017-09-08T13:11:40.727", "groups": [], "user_permissions": []}}, {"model": "auth.user", "pk": 7, "fields": {"password": "pbkdf2_sha256$36000$BN0Ixe37dTPO$/RKRNqgPZi4U2//gHaxeN64ujqDM5EGKEAmFQLp7mL8=", "last_login": null, "is_superuser": false, "username": "mario", "first_name": "Mario antonio", "last_name": "Rodriguez Mackenzie", "email": "", "is_staff": false, "is_active": true, "date_joined": "2017-09-08T13:13:42.874", "groups": [], "user_permissions": []}}, {"model": "auth.user", "pk": 8, "fields": {"password": "pbkdf2_sha256$36000$QJYzdX5I317U$DqrZkKeDDYFpCEzgYzHXnF7TRkuh5OKf3hj6e/wASzE=", "last_login": null, "is_superuser": false, "username": "arnulfo", "first_name": "Arnulfo", "last_name": "Castillo Albor", "email": "", "is_staff": false, "is_active": true, "date_joined": "2017-09-08T13:14:50.098", "groups": [], "user_permissions": []}}, {"model": "auth.user", "pk": 9, "fields": {"password": "pbkdf2_sha256$36000$0WdHZKxAUOQb$x0GY9OCW3BeSSjiqMq8QkudwAAXBiqrcKPR+YHaFZWg=", "last_login": "2017-10-12T21:16:42.424", "is_superuser": false, "username": "kokocrespo1", "first_name": "Libia", "last_name": "Mendivil", "email": "", "is_staff": false, "is_active": true, "date_joined": "2017-09-08T13:23:12.704", "groups": [], "user_permissions": []}}, {"model": "auth.user", "pk": 10, "fields": {"password": "pbkdf2_sha256$36000$WMpoi9KfU7UE$bJuIuTvJ0cUCnSNXnJdCH5p5efE8d3wM/3l+59vsIvo=", "last_login": "2017-09-26T12:53:00.613", "is_superuser": false, "username": "kokocrespo2", "first_name": "Doris", "last_name": "Zarmiento", "email": "", "is_staff": false, "is_active": true, "date_joined": "2017-09-08T13:38:07.930", "groups": [], "user_permissions": []}}, {"model": "auth.user", "pk": 11, "fields": {"password": "pbkdf2_sha256$36000$FSc0P7lcNUKv$6xUvb1dAtno28zYdIk/pBwmTmPiYnjxRF97xgP+ffr8=", "last_login": "2017-09-29T08:19:08.739", "is_superuser": false, "username": "kokocrespo3", "first_name": "Yesmi", "last_name": "Begambre", "email": "", "is_staff": false, "is_active": true, "date_joined": "2017-09-08T13:40:42.751", "groups": [], "user_permissions": []}}, {"model": "auth.user", "pk": 12, "fields": {"password": "pbkdf2_sha256$36000$svwAKdtSmxYg$cfw8S5D6fsZLB/g8dtmckAGcBm7rXTZA/ol9q8lmrzU=", "last_login": "2017-10-12T12:24:23.093", "is_superuser": false, "username": "raudi", "first_name": "Raudi", "last_name": "Machacon", "email": "", "is_staff": false, "is_active": true, "date_joined": "2017-09-25T12:35:49.538", "groups": [], "user_permissions": []}}, {"model": "sessions.session", "pk": "1dp1ggowc4mcev5kxd3bnw4bk8qq9olj", "fields": {"session_data": "YzYyY2JlZWU0ZjFlYmNiZGU3MmJiMDYzMTE4ZTliMjFkM2U4MTJlYTp7Il9hdXRoX3VzZXJfaGFzaCI6IjkxMDg5ODVmYWU0NjA0YjdjYjM2Njc4NzVkMGQ3ZjM0ZWJmOWNjNjciLCJfYXV0aF91c2VyX2JhY2tlbmQiOiJkamFuZ28uY29udHJpYi5hdXRoLmJhY2tlbmRzLk1vZGVsQmFja2VuZCIsIl9hdXRoX3VzZXJfaWQiOiIxMiJ9", "expire_date": "2017-10-26T08:36:48.408"}}, {"model": "sessions.session", "pk": "3v6s39gbtdek27x9tmmiqvfz9e9fhsea", "fields": {"session_data": "NTYwYmVkMjZlNjNkZDg0ZWM5M2Y3ZDM4ZDkyYzhhYzBhZTNjNGIyYTp7Il9hdXRoX3VzZXJfaGFzaCI6ImMzYmQ3YmIzNWM0NDhhNWY3OGVlZGRkMGE3MDhhZDQ0YzU2N2ZkNjEiLCJfYXV0aF91c2VyX2JhY2tlbmQiOiJkamFuZ28uY29udHJpYi5hdXRoLmJhY2tlbmRzLk1vZGVsQmFja2VuZCIsIl9hdXRoX3VzZXJfaWQiOiIxMiJ9", "expire_date": "2017-10-09T12:46:27.554"}}, {"model": "sessions.session", "pk": "5ws3fuinihuxh1r8z709cv8em83zghp1", "fields": {"session_data": "YzEzMTZlODUxYjhmMjkxOGFmMWY2YTYwNGYwNDVmMzFlZmU5ZjI2ODp7Il9hdXRoX3VzZXJfaGFzaCI6IjY1MjNkZWE4MDY4Mjg5ODhhMjU1MWJjYTY2YmU0YWU0OTZkNzBjYjQiLCJfYXV0aF91c2VyX2JhY2tlbmQiOiJkamFuZ28uY29udHJpYi5hdXRoLmJhY2tlbmRzLk1vZGVsQmFja2VuZCIsIl9hdXRoX3VzZXJfaWQiOiIxMSJ9", "expire_date": "2017-10-13T08:19:08.757"}}, {"model": "sessions.session", "pk": "6kwjiulqx9e69d2rlkho2ax6hfx9hswf", "fields": {"session_data": "ODdlMmJiMTI1YzExNWNmNTI0NjEwNDk2MGM0NWI3OTNlNjcxZWI4ZDp7Il9hdXRoX3VzZXJfaGFzaCI6IjliMGRlMTA0MGZmODYzM2FjNzBjODk2OTZkZDY5OGI3N2JiMzk1MjUiLCJfYXV0aF91c2VyX2JhY2tlbmQiOiJkamFuZ28uY29udHJpYi5hdXRoLmJhY2tlbmRzLk1vZGVsQmFja2VuZCIsIl9hdXRoX3VzZXJfaWQiOiIxIn0=", "expire_date": "2017-10-10T14:35:52.262"}}, {"model": "sessions.session", "pk": "7qg8t1s14n5p3m7gs7xj578tb7a41r6y", "fields": {"session_data": "ODdlMmJiMTI1YzExNWNmNTI0NjEwNDk2MGM0NWI3OTNlNjcxZWI4ZDp7Il9hdXRoX3VzZXJfaGFzaCI6IjliMGRlMTA0MGZmODYzM2FjNzBjODk2OTZkZDY5OGI3N2JiMzk1MjUiLCJfYXV0aF91c2VyX2JhY2tlbmQiOiJkamFuZ28uY29udHJpYi5hdXRoLmJhY2tlbmRzLk1vZGVsQmFja2VuZCIsIl9hdXRoX3VzZXJfaWQiOiIxIn0=", "expire_date": "2017-09-22T16:08:22.192"}}, {"model": "sessions.session", "pk": "808malgtinjcv8bataqd93gf2az3sxx1", "fields": {"session_data": "MDYzZTI5NzNlNmZmODExMjE0OTgwNGMwMDQ3ZTI2NjVhMTU4ZDI3MDp7Il9hdXRoX3VzZXJfaGFzaCI6IjVjNDVkMjk2OGQ5OWY5NWUyMmY5OTIzYTU2OTYxODU0ODM1NWYzODEiLCJfYXV0aF91c2VyX2JhY2tlbmQiOiJkamFuZ28uY29udHJpYi5hdXRoLmJhY2tlbmRzLk1vZGVsQmFja2VuZCIsIl9hdXRoX3VzZXJfaWQiOiI5In0=", "expire_date": "2017-09-23T17:03:11.865"}}, {"model": "sessions.session", "pk": "8axopepb3cku2ovqzhel9sghz7rb2811", "fields": {"session_data": "ODdlMmJiMTI1YzExNWNmNTI0NjEwNDk2MGM0NWI3OTNlNjcxZWI4ZDp7Il9hdXRoX3VzZXJfaGFzaCI6IjliMGRlMTA0MGZmODYzM2FjNzBjODk2OTZkZDY5OGI3N2JiMzk1MjUiLCJfYXV0aF91c2VyX2JhY2tlbmQiOiJkamFuZ28uY29udHJpYi5hdXRoLmJhY2tlbmRzLk1vZGVsQmFja2VuZCIsIl9hdXRoX3VzZXJfaWQiOiIxIn0=", "expire_date": "2017-10-25T13:56:23.641"}}, {"model": "sessions.session", "pk": "8pdeji95y13bz9utmbmlu9w96klyr6ot", "fields": {"session_data": "MDYzZTI5NzNlNmZmODExMjE0OTgwNGMwMDQ3ZTI2NjVhMTU4ZDI3MDp7Il9hdXRoX3VzZXJfaGFzaCI6IjVjNDVkMjk2OGQ5OWY5NWUyMmY5OTIzYTU2OTYxODU0ODM1NWYzODEiLCJfYXV0aF91c2VyX2JhY2tlbmQiOiJkamFuZ28uY29udHJpYi5hdXRoLmJhY2tlbmRzLk1vZGVsQmFja2VuZCIsIl9hdXRoX3VzZXJfaWQiOiI5In0=", "expire_date": "2017-10-26T21:16:42.427"}}, {"model": "sessions.session", "pk": "8x33f5dkhelsn5d53uv8j0cmq7dju235", "fields": {"session_data": "MDYzZTI5NzNlNmZmODExMjE0OTgwNGMwMDQ3ZTI2NjVhMTU4ZDI3MDp7Il9hdXRoX3VzZXJfaGFzaCI6IjVjNDVkMjk2OGQ5OWY5NWUyMmY5OTIzYTU2OTYxODU0ODM1NWYzODEiLCJfYXV0aF91c2VyX2JhY2tlbmQiOiJkamFuZ28uY29udHJpYi5hdXRoLmJhY2tlbmRzLk1vZGVsQmFja2VuZCIsIl9hdXRoX3VzZXJfaWQiOiI5In0=", "expire_date": "2017-10-17T12:51:54.426"}}, {"model": "sessions.session", "pk": "9dsba9z3ak90jt28n0wxm7sk3mu7ql0r", "fields": {"session_data": "MDYzZTI5NzNlNmZmODExMjE0OTgwNGMwMDQ3ZTI2NjVhMTU4ZDI3MDp7Il9hdXRoX3VzZXJfaGFzaCI6IjVjNDVkMjk2OGQ5OWY5NWUyMmY5OTIzYTU2OTYxODU0ODM1NWYzODEiLCJfYXV0aF91c2VyX2JhY2tlbmQiOiJkamFuZ28uY29udHJpYi5hdXRoLmJhY2tlbmRzLk1vZGVsQmFja2VuZCIsIl9hdXRoX3VzZXJfaWQiOiI5In0=", "expire_date": "2017-10-08T12:20:40.065"}}, {"model": "sessions.session", "pk": "adnrg667bkoqhzouibg52lw38tcb4o1a", "fields": {"session_data": "ODdlMmJiMTI1YzExNWNmNTI0NjEwNDk2MGM0NWI3OTNlNjcxZWI4ZDp7Il9hdXRoX3VzZXJfaGFzaCI6IjliMGRlMTA0MGZmODYzM2FjNzBjODk2OTZkZDY5OGI3N2JiMzk1MjUiLCJfYXV0aF91c2VyX2JhY2tlbmQiOiJkamFuZ28uY29udHJpYi5hdXRoLmJhY2tlbmRzLk1vZGVsQmFja2VuZCIsIl9hdXRoX3VzZXJfaWQiOiIxIn0=", "expire_date": "2017-10-26T13:08:17.544"}}, {"model": "sessions.session", "pk": "dqw6up3s8dmps2g82npj3a3spm8xv40r", "fields": {"session_data": "MDYzZTI5NzNlNmZmODExMjE0OTgwNGMwMDQ3ZTI2NjVhMTU4ZDI3MDp7Il9hdXRoX3VzZXJfaGFzaCI6IjVjNDVkMjk2OGQ5OWY5NWUyMmY5OTIzYTU2OTYxODU0ODM1NWYzODEiLCJfYXV0aF91c2VyX2JhY2tlbmQiOiJkamFuZ28uY29udHJpYi5hdXRoLmJhY2tlbmRzLk1vZGVsQmFja2VuZCIsIl9hdXRoX3VzZXJfaWQiOiI5In0=", "expire_date": "2017-10-11T09:53:08.091"}}, {"model": "sessions.session", "pk": "et5p0h0e0f8yg413zhhxx3j5zmg98rhg", "fields": {"session_data": "MDYzZTI5NzNlNmZmODExMjE0OTgwNGMwMDQ3ZTI2NjVhMTU4ZDI3MDp7Il9hdXRoX3VzZXJfaGFzaCI6IjVjNDVkMjk2OGQ5OWY5NWUyMmY5OTIzYTU2OTYxODU0ODM1NWYzODEiLCJfYXV0aF91c2VyX2JhY2tlbmQiOiJkamFuZ28uY29udHJpYi5hdXRoLmJhY2tlbmRzLk1vZGVsQmFja2VuZCIsIl9hdXRoX3VzZXJfaWQiOiI5In0=", "expire_date": "2017-10-26T20:05:20.494"}}, {"model": "sessions.session", "pk": "f8cae8zf76bmpzm5izd8h8uauwnyoaia", "fields": {"session_data": "MDYzZTI5NzNlNmZmODExMjE0OTgwNGMwMDQ3ZTI2NjVhMTU4ZDI3MDp7Il9hdXRoX3VzZXJfaGFzaCI6IjVjNDVkMjk2OGQ5OWY5NWUyMmY5OTIzYTU2OTYxODU0ODM1NWYzODEiLCJfYXV0aF91c2VyX2JhY2tlbmQiOiJkamFuZ28uY29udHJpYi5hdXRoLmJhY2tlbmRzLk1vZGVsQmFja2VuZCIsIl9hdXRoX3VzZXJfaWQiOiI5In0=", "expire_date": "2017-09-23T16:51:57.183"}}, {"model": "sessions.session", "pk": "fouvagcadbl3pgcpqps7vy808ojgxtm4", "fields": {"session_data": "MDYzZTI5NzNlNmZmODExMjE0OTgwNGMwMDQ3ZTI2NjVhMTU4ZDI3MDp7Il9hdXRoX3VzZXJfaGFzaCI6IjVjNDVkMjk2OGQ5OWY5NWUyMmY5OTIzYTU2OTYxODU0ODM1NWYzODEiLCJfYXV0aF91c2VyX2JhY2tlbmQiOiJkamFuZ28uY29udHJpYi5hdXRoLmJhY2tlbmRzLk1vZGVsQmFja2VuZCIsIl9hdXRoX3VzZXJfaWQiOiI5In0=", "expire_date": "2017-09-23T16:37:17.808"}}, {"model": "sessions.session", "pk": "g2rxp6fag6kfr4czb2t7odtvkgsewfez", "fields": {"session_data": "MDYzZTI5NzNlNmZmODExMjE0OTgwNGMwMDQ3ZTI2NjVhMTU4ZDI3MDp7Il9hdXRoX3VzZXJfaGFzaCI6IjVjNDVkMjk2OGQ5OWY5NWUyMmY5OTIzYTU2OTYxODU0ODM1NWYzODEiLCJfYXV0aF91c2VyX2JhY2tlbmQiOiJkamFuZ28uY29udHJpYi5hdXRoLmJhY2tlbmRzLk1vZGVsQmFja2VuZCIsIl9hdXRoX3VzZXJfaWQiOiI5In0=", "expire_date": "2017-10-26T16:19:11.554"}}, {"model": "sessions.session", "pk": "hke8c6cs17cg58a6oc6srjyn16fmq2wg", "fields": {"session_data": "MDYzZTI5NzNlNmZmODExMjE0OTgwNGMwMDQ3ZTI2NjVhMTU4ZDI3MDp7Il9hdXRoX3VzZXJfaGFzaCI6IjVjNDVkMjk2OGQ5OWY5NWUyMmY5OTIzYTU2OTYxODU0ODM1NWYzODEiLCJfYXV0aF91c2VyX2JhY2tlbmQiOiJkamFuZ28uY29udHJpYi5hdXRoLmJhY2tlbmRzLk1vZGVsQmFja2VuZCIsIl9hdXRoX3VzZXJfaWQiOiI5In0=", "expire_date": "2017-09-29T11:23:20.580"}}, {"model": "sessions.session", "pk": "hxvfwlf5blyxo8pk5fnir6y7q63h3cfy", "fields": {"session_data": "ODdlMmJiMTI1YzExNWNmNTI0NjEwNDk2MGM0NWI3OTNlNjcxZWI4ZDp7Il9hdXRoX3VzZXJfaGFzaCI6IjliMGRlMTA0MGZmODYzM2FjNzBjODk2OTZkZDY5OGI3N2JiMzk1MjUiLCJfYXV0aF91c2VyX2JhY2tlbmQiOiJkamFuZ28uY29udHJpYi5hdXRoLmJhY2tlbmRzLk1vZGVsQmFja2VuZCIsIl9hdXRoX3VzZXJfaWQiOiIxIn0=", "expire_date": "2017-10-10T14:55:00.787"}}, {"model": "sessions.session", "pk": "jljogar43srhzjj35z19g24hhygjs6g4", "fields": {"session_data": "MmU4Mjg3ZTU4NmVhZmY5NWE5ODdlMjJlNDBjNmVjMzg0YzQxN2RjNDp7Il9hdXRoX3VzZXJfaGFzaCI6IjVjNDVkMjk2OGQ5OWY5NWUyMmY5OTIzYTU2OTYxODU0ODM1NWYzODEiLCJfYXV0aF91c2VyX2lkIjoiOSIsIl9hdXRoX3VzZXJfYmFja2VuZCI6ImRqYW5nby5jb250cmliLmF1dGguYmFja2VuZHMuTW9kZWxCYWNrZW5kIn0=", "expire_date": "2017-10-16T14:26:45.391"}}, {"model": "sessions.session", "pk": "kris9oumbhdxd80uamsw1kzfo3cagvxb", "fields": {"session_data": "MDYzZTI5NzNlNmZmODExMjE0OTgwNGMwMDQ3ZTI2NjVhMTU4ZDI3MDp7Il9hdXRoX3VzZXJfaGFzaCI6IjVjNDVkMjk2OGQ5OWY5NWUyMmY5OTIzYTU2OTYxODU0ODM1NWYzODEiLCJfYXV0aF91c2VyX2JhY2tlbmQiOiJkamFuZ28uY29udHJpYi5hdXRoLmJhY2tlbmRzLk1vZGVsQmFja2VuZCIsIl9hdXRoX3VzZXJfaWQiOiI5In0=", "expire_date": "2017-09-23T17:19:16.346"}}, {"model": "sessions.session", "pk": "luk62vsc6w4uqikic5x8wre3o63cdj9x", "fields": {"session_data": "ODdlMmJiMTI1YzExNWNmNTI0NjEwNDk2MGM0NWI3OTNlNjcxZWI4ZDp7Il9hdXRoX3VzZXJfaGFzaCI6IjliMGRlMTA0MGZmODYzM2FjNzBjODk2OTZkZDY5OGI3N2JiMzk1MjUiLCJfYXV0aF91c2VyX2JhY2tlbmQiOiJkamFuZ28uY29udHJpYi5hdXRoLmJhY2tlbmRzLk1vZGVsQmFja2VuZCIsIl9hdXRoX3VzZXJfaWQiOiIxIn0=", "expire_date": "2017-10-23T11:11:25.844"}}, {"model": "sessions.session", "pk": "lwwv82gea77oprsj1528s6j8pt1ujl51", "fields": {"session_data": "ODdlMmJiMTI1YzExNWNmNTI0NjEwNDk2MGM0NWI3OTNlNjcxZWI4ZDp7Il9hdXRoX3VzZXJfaGFzaCI6IjliMGRlMTA0MGZmODYzM2FjNzBjODk2OTZkZDY5OGI3N2JiMzk1MjUiLCJfYXV0aF91c2VyX2JhY2tlbmQiOiJkamFuZ28uY29udHJpYi5hdXRoLmJhY2tlbmRzLk1vZGVsQmFja2VuZCIsIl9hdXRoX3VzZXJfaWQiOiIxIn0=", "expire_date": "2017-10-25T13:00:01.026"}}, {"model": "sessions.session", "pk": "msc3r9vrr3j3hf17caoiicl6sd6667z7", "fields": {"session_data": "ODdlMmJiMTI1YzExNWNmNTI0NjEwNDk2MGM0NWI3OTNlNjcxZWI4ZDp7Il9hdXRoX3VzZXJfaGFzaCI6IjliMGRlMTA0MGZmODYzM2FjNzBjODk2OTZkZDY5OGI3N2JiMzk1MjUiLCJfYXV0aF91c2VyX2JhY2tlbmQiOiJkamFuZ28uY29udHJpYi5hdXRoLmJhY2tlbmRzLk1vZGVsQmFja2VuZCIsIl9hdXRoX3VzZXJfaWQiOiIxIn0=", "expire_date": "2017-10-04T16:12:31.135"}}, {"model": "sessions.session", "pk": "nesznrdq43tc6zycwh7e8e164rlugj6v", "fields": {"session_data": "ODdlMmJiMTI1YzExNWNmNTI0NjEwNDk2MGM0NWI3OTNlNjcxZWI4ZDp7Il9hdXRoX3VzZXJfaGFzaCI6IjliMGRlMTA0MGZmODYzM2FjNzBjODk2OTZkZDY5OGI3N2JiMzk1MjUiLCJfYXV0aF91c2VyX2JhY2tlbmQiOiJkamFuZ28uY29udHJpYi5hdXRoLmJhY2tlbmRzLk1vZGVsQmFja2VuZCIsIl9hdXRoX3VzZXJfaWQiOiIxIn0=", "expire_date": "2017-10-09T15:55:50.667"}}, {"model": "sessions.session", "pk": "ntjdi9nuvyih00dru711gu3tc5i90s1b", "fields": {"session_data": "MDYzZTI5NzNlNmZmODExMjE0OTgwNGMwMDQ3ZTI2NjVhMTU4ZDI3MDp7Il9hdXRoX3VzZXJfaGFzaCI6IjVjNDVkMjk2OGQ5OWY5NWUyMmY5OTIzYTU2OTYxODU0ODM1NWYzODEiLCJfYXV0aF91c2VyX2JhY2tlbmQiOiJkamFuZ28uY29udHJpYi5hdXRoLmJhY2tlbmRzLk1vZGVsQmFja2VuZCIsIl9hdXRoX3VzZXJfaWQiOiI5In0=", "expire_date": "2017-09-25T09:46:00.454"}}, {"model": "sessions.session", "pk": "nvffjjnu9sqblsvwwbeuyg1k02arslhq", "fields": {"session_data": "ODdlMmJiMTI1YzExNWNmNTI0NjEwNDk2MGM0NWI3OTNlNjcxZWI4ZDp7Il9hdXRoX3VzZXJfaGFzaCI6IjliMGRlMTA0MGZmODYzM2FjNzBjODk2OTZkZDY5OGI3N2JiMzk1MjUiLCJfYXV0aF91c2VyX2JhY2tlbmQiOiJkamFuZ28uY29udHJpYi5hdXRoLmJhY2tlbmRzLk1vZGVsQmFja2VuZCIsIl9hdXRoX3VzZXJfaWQiOiIxIn0=", "expire_date": "2017-10-25T13:27:56.370"}}, {"model": "sessions.session", "pk": "q21d2hkyoakwwu66y0lrxejna52ea3ku", "fields": {"session_data": "ODdlMmJiMTI1YzExNWNmNTI0NjEwNDk2MGM0NWI3OTNlNjcxZWI4ZDp7Il9hdXRoX3VzZXJfaGFzaCI6IjliMGRlMTA0MGZmODYzM2FjNzBjODk2OTZkZDY5OGI3N2JiMzk1MjUiLCJfYXV0aF91c2VyX2JhY2tlbmQiOiJkamFuZ28uY29udHJpYi5hdXRoLmJhY2tlbmRzLk1vZGVsQmFja2VuZCIsIl9hdXRoX3VzZXJfaWQiOiIxIn0=", "expire_date": "2017-09-29T11:21:59.774"}}, {"model": "sessions.session", "pk": "smfpgur364odwdin4z452hg6sx5thzyb", "fields": {"session_data": "ODdlMmJiMTI1YzExNWNmNTI0NjEwNDk2MGM0NWI3OTNlNjcxZWI4ZDp7Il9hdXRoX3VzZXJfaGFzaCI6IjliMGRlMTA0MGZmODYzM2FjNzBjODk2OTZkZDY5OGI3N2JiMzk1MjUiLCJfYXV0aF91c2VyX2JhY2tlbmQiOiJkamFuZ28uY29udHJpYi5hdXRoLmJhY2tlbmRzLk1vZGVsQmFja2VuZCIsIl9hdXRoX3VzZXJfaWQiOiIxIn0=", "expire_date": "2017-10-11T18:02:25.302"}}, {"model": "sessions.session", "pk": "tie8ld2szdwl1554gd42qyowp5r8lpgy", "fields": {"session_data": "YzEzMTZlODUxYjhmMjkxOGFmMWY2YTYwNGYwNDVmMzFlZmU5ZjI2ODp7Il9hdXRoX3VzZXJfaGFzaCI6IjY1MjNkZWE4MDY4Mjg5ODhhMjU1MWJjYTY2YmU0YWU0OTZkNzBjYjQiLCJfYXV0aF91c2VyX2JhY2tlbmQiOiJkamFuZ28uY29udHJpYi5hdXRoLmJhY2tlbmRzLk1vZGVsQmFja2VuZCIsIl9hdXRoX3VzZXJfaWQiOiIxMSJ9", "expire_date": "2017-09-23T16:43:19.078"}}, {"model": "sessions.session", "pk": "tthk6wfos5lsod4pc81p3b5y55wmh3c8", "fields": {"session_data": "ODdlMmJiMTI1YzExNWNmNTI0NjEwNDk2MGM0NWI3OTNlNjcxZWI4ZDp7Il9hdXRoX3VzZXJfaGFzaCI6IjliMGRlMTA0MGZmODYzM2FjNzBjODk2OTZkZDY5OGI3N2JiMzk1MjUiLCJfYXV0aF91c2VyX2JhY2tlbmQiOiJkamFuZ28uY29udHJpYi5hdXRoLmJhY2tlbmRzLk1vZGVsQmFja2VuZCIsIl9hdXRoX3VzZXJfaWQiOiIxIn0=", "expire_date": "2017-10-25T11:22:51.505"}}, {"model": "sessions.session", "pk": "vwa5tgrsd492sv0ktrhst77kwch2fhxb", "fields": {"session_data": "ODdlMmJiMTI1YzExNWNmNTI0NjEwNDk2MGM0NWI3OTNlNjcxZWI4ZDp7Il9hdXRoX3VzZXJfaGFzaCI6IjliMGRlMTA0MGZmODYzM2FjNzBjODk2OTZkZDY5OGI3N2JiMzk1MjUiLCJfYXV0aF91c2VyX2JhY2tlbmQiOiJkamFuZ28uY29udHJpYi5hdXRoLmJhY2tlbmRzLk1vZGVsQmFja2VuZCIsIl9hdXRoX3VzZXJfaWQiOiIxIn0=", "expire_date": "2017-10-09T12:28:11.656"}}, {"model": "sessions.session", "pk": "w59r3u43vbtv3jbw1qwczn12kwlens15", "fields": {"session_data": "YzYyY2JlZWU0ZjFlYmNiZGU3MmJiMDYzMTE4ZTliMjFkM2U4MTJlYTp7Il9hdXRoX3VzZXJfaGFzaCI6IjkxMDg5ODVmYWU0NjA0YjdjYjM2Njc4NzVkMGQ3ZjM0ZWJmOWNjNjciLCJfYXV0aF91c2VyX2JhY2tlbmQiOiJkamFuZ28uY29udHJpYi5hdXRoLmJhY2tlbmRzLk1vZGVsQmFja2VuZCIsIl9hdXRoX3VzZXJfaWQiOiIxMiJ9", "expire_date": "2017-10-10T11:30:19.659"}}, {"model": "sessions.session", "pk": "w5u6dtitst2hhu4zn1ouvzrn38k1yjwh", "fields": {"session_data": "MDYzZTI5NzNlNmZmODExMjE0OTgwNGMwMDQ3ZTI2NjVhMTU4ZDI3MDp7Il9hdXRoX3VzZXJfaGFzaCI6IjVjNDVkMjk2OGQ5OWY5NWUyMmY5OTIzYTU2OTYxODU0ODM1NWYzODEiLCJfYXV0aF91c2VyX2JhY2tlbmQiOiJkamFuZ28uY29udHJpYi5hdXRoLmJhY2tlbmRzLk1vZGVsQmFja2VuZCIsIl9hdXRoX3VzZXJfaWQiOiI5In0=", "expire_date": "2017-09-23T16:53:21.180"}}, {"model": "sessions.session", "pk": "wppjt6hr6txhsqh55bsht55hb3hrz760", "fields": {"session_data": "MDYzZTI5NzNlNmZmODExMjE0OTgwNGMwMDQ3ZTI2NjVhMTU4ZDI3MDp7Il9hdXRoX3VzZXJfaGFzaCI6IjVjNDVkMjk2OGQ5OWY5NWUyMmY5OTIzYTU2OTYxODU0ODM1NWYzODEiLCJfYXV0aF91c2VyX2JhY2tlbmQiOiJkamFuZ28uY29udHJpYi5hdXRoLmJhY2tlbmRzLk1vZGVsQmFja2VuZCIsIl9hdXRoX3VzZXJfaWQiOiI5In0=", "expire_date": "2017-09-23T16:51:39.234"}}, {"model": "empresa.ciudad", "pk": 1, "fields": {"nombre": "Bogota", "status": true}}, {"model": "empresa.ciudad", "pk": 2, "fields": {"nombre": "Cartagena", "status": true}}, {"model": "empresa.empresa", "pk": 2, "fields": {"nit": "9005318166", "logo": "", "telefono": null, "celular": null, "direccion": "Cr58 #17 a 16 sur Barrio Milenta", "ciudad": 1, "active": true, "groups": [], "user_permissions": []}}, {"model": "empresa.empresa", "pk": 3, "fields": {"nit": "8600254610", "logo": "", "telefono": null, "celular": null, "direccion": "Calle 24 f 94 51", "ciudad": 1, "active": true, "groups": [], "user_permissions": []}}, {"model": "empresa.supervisor", "pk": 12, "fields": {"telefono": null, "identificacion": "091209120912", "celular": "3002807192", "direccion": "Cartagena", "active": true, "groups": [], "user_permissions": [], "ciudad": [1, 2], "empresas": [2, 3]}}, {"model": "empresa.tienda", "pk": 1, "fields": {"empresa": 3, "ciudad": 2, "nombre": "Kokorico Cartagena", "referencia": "Cerca del Aeropuerto", "direccion": "Esquina con Carrera 3, Cl. 70 #1D - 11", "fijo": null, "celular": null, "status": true}}, {"model": "operacion.diasemana", "pk": 1, "fields": {"nombre": "Lunes", "valor": 1, "estado": true}}, {"model": "operacion.diasemana", "pk": 2, "fields": {"nombre": "Martes", "valor": 2, "estado": true}}, {"model": "operacion.diasemana", "pk": 3, "fields": {"nombre": "Miercoles", "valor": 3, "estado": true}}, {"model": "operacion.diasemana", "pk": 4, "fields": {"nombre": "Jueves", "valor": 4, "estado": true}}, {"model": "operacion.diasemana", "pk": 5, "fields": {"nombre": "Viernes", "valor": 5, "estado": true}}, {"model": "operacion.diasemana", "pk": 6, "fields": {"nombre": "Sabado", "valor": 6, "estado": true}}, {"model": "operacion.diasemana", "pk": 7, "fields": {"nombre": "Domingo", "valor": 7, "estado": true}}, {"model": "operacion.diasemana", "pk": 8, "fields": {"nombre": "Festivo", "valor": 8, "estado": true}}, {"model": "operacion.configuracion", "pk": 1, "fields": {"empresa": 3, "ciudad": 2, "valor": 5100.0, "inicio": "00:00:00", "fin": "23:59:59", "estado": true, "dias": [1, 2, 3, 4, 5, 6]}}, {"model": "operacion.configuracion", "pk": 2, "fields": {"empresa": 3, "ciudad": 2, "valor": 5400.0, "inicio": "00:00:00", "fin": "23:59:59", "estado": true, "dias": [7, 8]}}, {"model": "operacion.pagolabor", "pk": 407, "fields": {"labor": 6, "ini": "2017-09-11 10:57:05.846", "fin": "2017-09-11 16:47:45.12", "precio": 5100.0, "hora": 5.843965}}, {"model": "operacion.pagolabor", "pk": 408, "fields": {"labor": 7, "ini": "2017-09-11 16:49:26", "fin": "2017-09-11 20:00:03", "precio": 5100.0, "hora": 3.17666666666667}}, {"model": "operacion.pagolabor", "pk": 409, "fields": {"labor": 9, "ini": "2017-09-12 10:52:38.182", "fin": "2017-09-12 17:30:26.122", "precio": 5100.0, "hora": 6.62970555555556}}, {"model": "operacion.pagolabor", "pk": 410, "fields": {"labor": 10, "ini": "2017-09-12 18:10:25.45", "fin": "2017-09-12 21:51:26.066", "precio": 5100.0, "hora": 3.68322666666667}}, {"model": "operacion.pagolabor", "pk": 411, "fields": {"labor": 11, "ini": "2017-09-13 10:58:24.069", "fin": "2017-09-13 21:34:20.863", "precio": 5100.0, "hora": 10.5988316666667}}, {"model": "operacion.pagolabor", "pk": 412, "fields": {"labor": 12, "ini": "2017-09-14 11:03:01.746", "fin": "2017-09-14 17:50:15.03", "precio": 5100.0, "hora": 6.78674555555556}}, {"model": "operacion.pagolabor", "pk": 413, "fields": {"labor": 13, "ini": "2017-09-14 18:59:50", "fin": "2017-09-14 20:00:01", "precio": 5100.0, "hora": 1.00277777777778}}, {"model": "operacion.pagolabor", "pk": 414, "fields": {"labor": 14, "ini": "2017-09-15 11:01:13.096", "fin": "2017-09-15 15:07:52.307", "precio": 5100.0, "hora": 4.11061416666667}}, {"model": "operacion.pagolabor", "pk": 415, "fields": {"labor": 15, "ini": "2017-09-15 16:05:56.73", "fin": "2017-09-15 21:00:10.67", "precio": 5100.0, "hora": 4.90359444444444}}, {"model": "operacion.pagolabor", "pk": 416, "fields": {"labor": 16, "ini": "2017-09-16 10:52:22.166", "fin": "2017-09-16 21:18:01.119", "precio": 5100.0, "hora": 10.4272091666667}}, {"model": "operacion.pagolabor", "pk": 417, "fields": {"labor": 17, "ini": "2017-09-16 11:59:24.446", "fin": "2017-09-16 14:55:23.207", "precio": 5100.0, "hora": 2.93271138888889}}, {"model": "operacion.pagolabor", "pk": 418, "fields": {"labor": 18, "ini": "2017-09-16 16:25:44.964", "fin": "2017-09-16 20:55:37.092", "precio": 5100.0, "hora": 4.49753555555556}}, {"model": "operacion.pagolabor", "pk": 419, "fields": {"labor": 19, "ini": "2017-09-17 11:01:31.209", "fin": "2017-09-17 13:44:58.173", "precio": 5400.0, "hora": 2.72387888888889}}, {"model": "operacion.pagolabor", "pk": 420, "fields": {"labor": 20, "ini": "2017-09-17 12:51:34.835", "fin": "2017-09-17 14:56:57.328", "precio": 5400.0, "hora": 2.08930361111111}}, {"model": "operacion.pagolabor", "pk": 421, "fields": {"labor": 21, "ini": "2017-09-17 14:07:54.429", "fin": "2017-09-17 21:39:55.571", "precio": 5400.0, "hora": 7.53337277777778}}, {"model": "operacion.pagolabor", "pk": 422, "fields": {"labor": 22, "ini": "2017-09-17 14:57:26.208", "fin": "2017-09-17 20:32:08.253", "precio": 5400.0, "hora": 5.57806805555555}}, {"model": "operacion.pagolabor", "pk": 423, "fields": {"labor": 23, "ini": "2017-09-18 11:32:25.533", "fin": "2017-09-18 15:00:19.76", "precio": 5100.0, "hora": 3.46478527777778}}, {"model": "operacion.pagolabor", "pk": 424, "fields": {"labor": 24, "ini": "2017-09-18 16:10:55.416", "fin": "2017-09-18 22:08:06.926", "precio": 5100.0, "hora": 5.95291944444445}}, {"model": "operacion.pagolabor", "pk": 425, "fields": {"labor": 25, "ini": "2017-09-19 10:49:56.956", "fin": "2017-09-19 21:02:17.922", "precio": 5100.0, "hora": 10.2055461111111}}, {"model": "operacion.pagolabor", "pk": 426, "fields": {"labor": 26, "ini": "2017-09-20 11:33:26.495", "fin": "2017-09-20 21:10:34.673", "precio": 5100.0, "hora": 9.61866055555555}}, {"model": "operacion.pagolabor", "pk": 427, "fields": {"labor": 27, "ini": "2017-09-21 10:50:06.098", "fin": "2017-09-21 21:21:38.056", "precio": 5100.0, "hora": 10.5252661111111}}, {"model": "operacion.pagolabor", "pk": 428, "fields": {"labor": 28, "ini": "2017-09-22 10:51:28.163", "fin": "2017-09-22 21:07:42.597", "precio": 5100.0, "hora": 10.2703983333333}}, {"model": "operacion.pagolabor", "pk": 429, "fields": {"labor": 29, "ini": "2017-09-23 10:50:50", "fin": "2017-09-23 21:00:48", "precio": 5100.0, "hora": 10.1658333333333}}, {"model": "operacion.pagolabor", "pk": 430, "fields": {"labor": 30, "ini": "2017-09-23 11:59:36.95", "fin": "2017-09-23 20:03:04.08", "precio": 5100.0, "hora": 8.05725833333334}}, {"model": "operacion.pagolabor", "pk": 431, "fields": {"labor": 31, "ini": "2017-09-24 10:50:35.64", "fin": "2017-09-24 21:02:16.514", "precio": 5400.0, "hora": 10.1944094444444}}, {"model": "operacion.pagolabor", "pk": 432, "fields": {"labor": 32, "ini": "2017-09-24 12:43:24.713", "fin": "2017-09-24 20:30:41.722", "precio": 5400.0, "hora": 7.78778027777778}}, {"model": "operacion.pagolabor", "pk": 433, "fields": {"labor": 33, "ini": "2017-09-25 11:16:07.854", "fin": "2017-09-25 21:01:47.001", "precio": 5100.0, "hora": 9.76059638888889}}, {"model": "operacion.pagolabor", "pk": 434, "fields": {"labor": 35, "ini": "2017-09-28 11:06:01", "fin": "2017-09-28 21:01:02", "precio": 5100.0, "hora": 9.91666666666667}}, {"model": "operacion.pagolabor", "pk": 435, "fields": {"labor": 37, "ini": "2017-09-29 12:02:45.107", "fin": "2017-09-29 13:37:07.402", "precio": 5100.0, "hora": 1.57258194444444}}, {"model": "operacion.pagolabor", "pk": 436, "fields": {"labor": 38, "ini": "2017-09-29 13:37:19.025", "fin": "2017-09-29 21:15:53.197", "precio": 5100.0, "hora": 7.64254777777778}}, {"model": "operacion.pagolabor", "pk": 437, "fields": {"labor": 42, "ini": "2017-10-01 10:55:32.72", "fin": "2017-10-01 21:18:31.788", "precio": 5400.0, "hora": 10.3827966666667}}, {"model": "operacion.pagolabor", "pk": 438, "fields": {"labor": 43, "ini": "2017-10-01 11:52:51.89", "fin": "2017-10-01 20:14:33.624", "precio": 5400.0, "hora": 8.361315}}, {"model": "operacion.pagolabor", "pk": 439, "fields": {"labor": 44, "ini": "2017-10-02 11:08:54.975", "fin": "2017-10-02 21:38:08.602", "precio": 5100.0, "hora": 10.4868408333333}}, {"model": "operacion.pagolabor", "pk": 440, "fields": {"labor": 47, "ini": "2017-10-05 10:55:43.571", "fin": "2017-10-05 21:17:54.386", "precio": 5100.0, "hora": 10.3693930555556}}, {"model": "operacion.pagolabor", "pk": 441, "fields": {"labor": 48, "ini": "2017-10-06 11:15:12.858", "fin": "2017-10-06 21:20:22.503", "precio": 5100.0, "hora": 10.0857347222222}}, {"model": "operacion.pagolabor", "pk": 442, "fields": {"labor": 49, "ini": "2017-10-07 10:56:47.861", "fin": "2017-10-07 20:58:59.304", "precio": 5100.0, "hora": 10.0362341666667}}, {"model": "operacion.pagolabor", "pk": 443, "fields": {"labor": 50, "ini": "2017-10-07 12:00:33.245", "fin": "2017-10-07 20:05:30.68", "precio": 5100.0, "hora": 8.08234305555555}}, {"model": "operacion.pagolabor", "pk": 444, "fields": {"labor": 51, "ini": "2017-10-08 10:57:32.142", "fin": "2017-10-08 21:09:51.601", "precio": 5400.0, "hora": 10.2051275}}, {"model": "operacion.pagolabor", "pk": 445, "fields": {"labor": 52, "ini": "2017-10-08 11:59:50.887", "fin": "2017-10-08 21:10:24.559", "precio": 5400.0, "hora": 9.17574222222222}}, {"model": "operacion.pagolabor", "pk": 446, "fields": {"labor": 53, "ini": "2017-10-09 11:34:23.465", "fin": "2017-10-09 20:57:28.213", "precio": 5100.0, "hora": 9.38437444444445}}, {"model": "operacion.pagolabor", "pk": 447, "fields": {"labor": 54, "ini": "2017-10-10 11:25:31.318", "fin": "2017-10-10 21:37:38.208", "precio": 5100.0, "hora": 10.2016361111111}}, {"model": "operacion.pagolabor", "pk": 448, "fields": {"labor": 55, "ini": "2017-10-11 10:58:58.977", "fin": "2017-10-11 21:28:04.899527", "precio": 5100.0, "hora": 10.4847007019444}}, {"model": "operacion.pagolabor", "pk": 449, "fields": {"labor": 39, "ini": "2017-09-30 10:55:25", "fin": "2017-09-30 21:00:01", "precio": 5100.0, "hora": 10.0763888888889}}, {"model": "operacion.pagolabor", "pk": 450, "fields": {"labor": 41, "ini": "2017-09-30 12:00:00", "fin": "2017-09-30 20:30:01", "precio": 5100.0, "hora": 8.5}}, {"model": "operacion.pagolabor", "pk": 451, "fields": {"labor": 34, "ini": "2017-09-26 10:52:29", "fin": "2017-09-26 21:00:01", "precio": 5100.0, "hora": 10.1252777777778}}, {"model": "operacion.pagolabor", "pk": 452, "fields": {"labor": 57, "ini": "2017-09-27 11:20:00", "fin": "2017-09-27 21:15:01", "precio": 5100.0, "hora": 9.91666666666667}}, {"model": "operacion.pagolabor", "pk": 453, "fields": {"labor": 56, "ini": "2017-10-12 06:02:28.623355", "fin": "2017-10-12 16:28:20.283702", "precio": 5100.0, "hora": 10.4307389852778}}, {"model": "usuario.documento", "pk": 1, "fields": {"nombre": "Cedula", "descripcion": "Cedula de ciudadan\u00eda", "estado": true}}, {"model": "usuario.usuario", "pk": 4, "fields": {"documento": 1, "identificacion": "9290600", "telefono_fijo": "", "telefono_celular": "3205049120", "estado": true, "groups": [], "user_permissions": []}}, {"model": "usuario.usuario", "pk": 5, "fields": {"documento": 1, "identificacion": "73228943", "telefono_fijo": "", "telefono_celular": "3234498405", "estado": true, "groups": [], "user_permissions": []}}, {"model": "usuario.usuario", "pk": 6, "fields": {"documento": 1, "identificacion": "73156887", "telefono_fijo": "", "telefono_celular": "3188518790", "estado": true, "groups": [], "user_permissions": []}}, {"model": "usuario.usuario", "pk": 7, "fields": {"documento": 1, "identificacion": "1235038074", "telefono_fijo": "", "telefono_celular": "3006463511", "estado": true, "groups": [], "user_permissions": []}}, {"model": "usuario.usuario", "pk": 8, "fields": {"documento": 1, "identificacion": "72199786", "telefono_fijo": "", "telefono_celular": "3174734195", "estado": true, "groups": [], "user_permissions": []}}, {"model": "usuario.usuario", "pk": 9, "fields": {"documento": 1, "identificacion": "10001", "telefono_fijo": "", "telefono_celular": "3006818611", "estado": true, "groups": [], "user_permissions": []}}, {"model": "usuario.usuario", "pk": 10, "fields": {"documento": 1, "identificacion": "10002", "telefono_fijo": "", "telefono_celular": "3006818611", "estado": true, "groups": [], "user_permissions": []}}, {"model": "usuario.usuario", "pk": 11, "fields": {"documento": 1, "identificacion": "10003", "telefono_fijo": "", "telefono_celular": "3006818611", "estado": true, "groups": [], "user_permissions": []}}, {"model": "usuario.empleado", "pk": 4, "fields": {"tienda": 1, "direccion": "Cartagena", "fecha_nacimiento": null, "foto": "", "groups": [], "user_permissions": []}}, {"model": "usuario.empleado", "pk": 5, "fields": {"tienda": 1, "direccion": "Cartagena", "fecha_nacimiento": null, "foto": "", "groups": [], "user_permissions": []}}, {"model": "usuario.empleado", "pk": 6, "fields": {"tienda": 1, "direccion": "Cartagena", "fecha_nacimiento": null, "foto": "", "groups": [], "user_permissions": []}}, {"model": "usuario.empleado", "pk": 7, "fields": {"tienda": 1, "direccion": "Cartagena", "fecha_nacimiento": null, "foto": "", "groups": [], "user_permissions": []}}, {"model": "usuario.empleado", "pk": 8, "fields": {"tienda": 1, "direccion": "Cartagena", "fecha_nacimiento": null, "foto": "", "groups": [], "user_permissions": []}}, {"model": "usuario.administrador", "pk": 9, "fields": {"tienda": 1, "direccion": null, "fecha_nacimiento": null, "foto": "", "groups": [], "user_permissions": []}}, {"model": "usuario.administrador", "pk": 10, "fields": {"tienda": 1, "direccion": null, "fecha_nacimiento": null, "foto": "", "groups": [], "user_permissions": []}}, {"model": "usuario.administrador", "pk": 11, "fields": {"tienda": 1, "direccion": null, "fecha_nacimiento": null, "foto": "", "groups": [], "user_permissions": []}}, {"model": "motorizado.infomoto", "pk": 1, "fields": {"empleado": 4, "licencia": "9290600", "identifier": null, "numeroS": "9290600", "fecha_expedicionS": "2017-06-22", "fecha_expiracionS": "2018-06-22", "numeroT": "9290600", "fecha_expedicionT": "2018-09-08", "fecha_expiracionT": "2017-05-05", "tipo": "100", "marca": "ECO", "placa": "ZBQ22A", "t_propiedad": "9290600", "estado": true}}, {"model": "motorizado.infomoto", "pk": 2, "fields": {"empleado": 5, "licencia": "73228943", "identifier": null, "numeroS": "73228943", "fecha_expedicionS": "2017-03-08", "fecha_expiracionS": "2018-03-08", "numeroT": "73228943", "fecha_expedicionT": "2017-03-08", "fecha_expiracionT": "2018-03-08", "tipo": "100", "marca": "BOXER", "placa": "YWE23C", "t_propiedad": "73228943", "estado": true}}, {"model": "motorizado.infomoto", "pk": 3, "fields": {"empleado": 6, "licencia": "73156887", "identifier": null, "numeroS": "73156887", "fecha_expedicionS": "2016-12-29", "fecha_expiracionS": "2017-12-29", "numeroT": "73156887", "fecha_expedicionT": "2017-04-01", "fecha_expiracionT": "2018-04-01", "tipo": "100", "marca": "DISCOVERY", "placa": "RNY73C", "t_propiedad": "73156887", "estado": true}}, {"model": "motorizado.infomoto", "pk": 4, "fields": {"empleado": 8, "licencia": "10009090099", "identifier": null, "numeroS": "12121212091", "fecha_expedicionS": "2016-12-24", "fecha_expiracionS": "2017-12-24", "numeroT": "324324234234", "fecha_expedicionT": "2016-12-24", "fecha_expiracionT": "2017-12-24", "tipo": "100", "marca": "Honda", "placa": "QWE89A", "t_propiedad": "13123123123", "estado": true}}, {"model": "motorizado.infomoto", "pk": 5, "fields": {"empleado": 7, "licencia": "131312313", "identifier": null, "numeroS": "435345345345344", "fecha_expedicionS": "2016-12-24", "fecha_expiracionS": "2017-12-24", "numeroT": "223424234324", "fecha_expedicionT": "2016-12-24", "fecha_expiracionT": "2017-12-24", "tipo": "100", "marca": "boxer", "placa": "IOP98K", "t_propiedad": "233432423423", "estado": true}}, {"model": "operacion.labor", "pk": 6, "fields": {"empleado": 4, "ini": "2017-09-11T10:57:05.846", "fin": "2017-09-11T16:47:44.120", "estado": true, "cerrado": true}}, {"model": "operacion.labor", "pk": 7, "fields": {"empleado": 4, "ini": "2017-09-11T16:49:26", "fin": "2017-09-11T20:00:02", "estado": true, "cerrado": true}}, {"model": "operacion.labor", "pk": 9, "fields": {"empleado": 4, "ini": "2017-09-12T10:52:38.182", "fin": "2017-09-12T17:30:25.122", "estado": true, "cerrado": true}}, {"model": "operacion.labor", "pk": 10, "fields": {"empleado": 4, "ini": "2017-09-12T18:10:25.450", "fin": "2017-09-12T21:51:25.066", "estado": true, "cerrado": true}}, {"model": "operacion.labor", "pk": 11, "fields": {"empleado": 4, "ini": "2017-09-13T10:58:24.069", "fin": "2017-09-13T21:34:19.863", "estado": true, "cerrado": true}}, {"model": "operacion.labor", "pk": 12, "fields": {"empleado": 4, "ini": "2017-09-14T11:03:01.746", "fin": "2017-09-14T17:50:14.030", "estado": true, "cerrado": true}}, {"model": "operacion.labor", "pk": 13, "fields": {"empleado": 4, "ini": "2017-09-14T18:59:50", "fin": "2017-09-15T20:00:00", "estado": true, "cerrado": true}}, {"model": "operacion.labor", "pk": 14, "fields": {"empleado": 5, "ini": "2017-09-15T11:01:13.096", "fin": "2017-09-15T15:07:51.307", "estado": true, "cerrado": true}}, {"model": "operacion.labor", "pk": 15, "fields": {"empleado": 5, "ini": "2017-09-15T16:05:56.730", "fin": "2017-09-15T21:00:09.670", "estado": true, "cerrado": true}}, {"model": "operacion.labor", "pk": 16, "fields": {"empleado": 4, "ini": "2017-09-16T10:52:22.166", "fin": "2017-09-16T21:18:00.119", "estado": true, "cerrado": true}}, {"model": "operacion.labor", "pk": 17, "fields": {"empleado": 5, "ini": "2017-09-16T11:59:24.446", "fin": "2017-09-16T14:55:22.207", "estado": true, "cerrado": true}}, {"model": "operacion.labor", "pk": 18, "fields": {"empleado": 5, "ini": "2017-09-16T16:25:44.964", "fin": "2017-09-16T20:55:36.092", "estado": true, "cerrado": true}}, {"model": "operacion.labor", "pk": 19, "fields": {"empleado": 5, "ini": "2017-09-17T11:01:31.209", "fin": "2017-09-17T13:44:57.173", "estado": true, "cerrado": true}}, {"model": "operacion.labor", "pk": 20, "fields": {"empleado": 4, "ini": "2017-09-17T12:51:34.835", "fin": "2017-09-17T14:56:56.328", "estado": true, "cerrado": true}}, {"model": "operacion.labor", "pk": 21, "fields": {"empleado": 5, "ini": "2017-09-17T14:07:54.429", "fin": "2017-09-17T21:39:54.571", "estado": true, "cerrado": true}}, {"model": "operacion.labor", "pk": 22, "fields": {"empleado": 4, "ini": "2017-09-17T14:57:26.208", "fin": "2017-09-17T20:32:07.253", "estado": true, "cerrado": true}}, {"model": "operacion.labor", "pk": 23, "fields": {"empleado": 4, "ini": "2017-09-18T11:32:25.533", "fin": "2017-09-18T15:00:18.760", "estado": true, "cerrado": true}}, {"model": "operacion.labor", "pk": 24, "fields": {"empleado": 4, "ini": "2017-09-18T16:10:55.416", "fin": "2017-09-18T22:08:05.926", "estado": true, "cerrado": true}}, {"model": "operacion.labor", "pk": 25, "fields": {"empleado": 4, "ini": "2017-09-19T10:49:56.956", "fin": "2017-09-19T21:02:16.922", "estado": true, "cerrado": true}}, {"model": "operacion.labor", "pk": 26, "fields": {"empleado": 4, "ini": "2017-09-20T11:33:26.495", "fin": "2017-09-20T21:10:33.673", "estado": true, "cerrado": true}}, {"model": "operacion.labor", "pk": 27, "fields": {"empleado": 4, "ini": "2017-09-21T10:50:06.098", "fin": "2017-09-21T21:21:37.056", "estado": true, "cerrado": true}}, {"model": "operacion.labor", "pk": 28, "fields": {"empleado": 5, "ini": "2017-09-22T10:51:28.163", "fin": "2017-09-22T21:07:41.597", "estado": true, "cerrado": true}}, {"model": "operacion.labor", "pk": 29, "fields": {"empleado": 4, "ini": "2017-09-23T10:50:50", "fin": "2017-09-23T21:00:47", "estado": true, "cerrado": true}}, {"model": "operacion.labor", "pk": 30, "fields": {"empleado": 5, "ini": "2017-09-23T11:59:36.950", "fin": "2017-09-23T20:03:03.080", "estado": true, "cerrado": true}}, {"model": "operacion.labor", "pk": 31, "fields": {"empleado": 5, "ini": "2017-09-24T10:50:35.640", "fin": "2017-09-24T21:02:15.514", "estado": true, "cerrado": true}}, {"model": "operacion.labor", "pk": 32, "fields": {"empleado": 7, "ini": "2017-09-24T12:43:24.713", "fin": "2017-09-24T20:30:40.722", "estado": true, "cerrado": true}}, {"model": "operacion.labor", "pk": 33, "fields": {"empleado": 4, "ini": "2017-09-25T11:16:07.854", "fin": "2017-09-25T21:01:46.001", "estado": true, "cerrado": true}}, {"model": "operacion.labor", "pk": 34, "fields": {"empleado": 4, "ini": "2017-09-26T10:52:29", "fin": "2017-09-26T21:00:00", "estado": true, "cerrado": true}}, {"model": "operacion.labor", "pk": 35, "fields": {"empleado": 4, "ini": "2017-09-28T11:06:01", "fin": "2017-09-28T21:01:01", "estado": true, "cerrado": true}}, {"model": "operacion.labor", "pk": 37, "fields": {"empleado": 6, "ini": "2017-09-29T12:02:45.107", "fin": "2017-09-29T13:37:06.402", "estado": true, "cerrado": true}}, {"model": "operacion.labor", "pk": 38, "fields": {"empleado": 6, "ini": "2017-09-29T13:37:19.025", "fin": "2017-09-29T21:15:52.197", "estado": true, "cerrado": true}}, {"model": "operacion.labor", "pk": 39, "fields": {"empleado": 4, "ini": "2017-09-30T10:55:25", "fin": "2017-09-30T21:00:00", "estado": true, "cerrado": true}}, {"model": "operacion.labor", "pk": 41, "fields": {"empleado": 5, "ini": "2017-09-30T12:00:00", "fin": "2017-09-30T20:30:00", "estado": true, "cerrado": true}}, {"model": "operacion.labor", "pk": 42, "fields": {"empleado": 5, "ini": "2017-10-01T10:55:32.720", "fin": "2017-10-01T21:18:30.788", "estado": true, "cerrado": true}}, {"model": "operacion.labor", "pk": 43, "fields": {"empleado": 7, "ini": "2017-10-01T11:52:51.890", "fin": "2017-10-01T20:14:32.624", "estado": true, "cerrado": true}}, {"model": "operacion.labor", "pk": 44, "fields": {"empleado": 4, "ini": "2017-10-02T11:08:54.975", "fin": "2017-10-02T21:38:07.602", "estado": true, "cerrado": true}}, {"model": "operacion.labor", "pk": 47, "fields": {"empleado": 4, "ini": "2017-10-05T10:55:43.571", "fin": "2017-10-05T21:17:53.386", "estado": true, "cerrado": true}}, {"model": "operacion.labor", "pk": 48, "fields": {"empleado": 4, "ini": "2017-10-06T11:15:12.858", "fin": "2017-10-06T21:20:21.503", "estado": true, "cerrado": true}}, {"model": "operacion.labor", "pk": 49, "fields": {"empleado": 4, "ini": "2017-10-07T10:56:47.861", "fin": "2017-10-07T20:58:58.304", "estado": true, "cerrado": true}}, {"model": "operacion.labor", "pk": 50, "fields": {"empleado": 5, "ini": "2017-10-07T12:00:33.245", "fin": "2017-10-07T20:05:29.680", "estado": true, "cerrado": true}}, {"model": "operacion.labor", "pk": 51, "fields": {"empleado": 5, "ini": "2017-10-08T10:57:32.142", "fin": "2017-10-08T21:09:50.601", "estado": true, "cerrado": true}}, {"model": "operacion.labor", "pk": 52, "fields": {"empleado": 7, "ini": "2017-10-08T11:59:50.887", "fin": "2017-10-08T21:10:23.559", "estado": true, "cerrado": true}}, {"model": "operacion.labor", "pk": 53, "fields": {"empleado": 4, "ini": "2017-10-09T11:34:23.465", "fin": "2017-10-09T20:57:27.213", "estado": true, "cerrado": true}}, {"model": "operacion.labor", "pk": 54, "fields": {"empleado": 4, "ini": "2017-10-10T11:25:31.318", "fin": "2017-10-10T21:37:37.208", "estado": true, "cerrado": true}}, {"model": "operacion.labor", "pk": 55, "fields": {"empleado": 4, "ini": "2017-10-11T10:58:58.977", "fin": "2017-10-11T21:28:03.899", "estado": true, "cerrado": true}}, {"model": "operacion.labor", "pk": 56, "fields": {"empleado": 4, "ini": "2017-10-12T11:02:28.623", "fin": "2017-10-12T21:28:19.283", "estado": true, "cerrado": true}}, {"model": "operacion.labor", "pk": 57, "fields": {"empleado": 4, "ini": "2017-09-27T11:20:00", "fin": "2017-09-27T21:15:00", "estado": true, "cerrado": true}}, {"model": "admin.logentry", "pk": 1, "fields": {"action_time": "2017-09-08T12:46:27.606", "user": 1, "content_type": 7, "object_id": "1", "object_repr": "Bogota", "action_flag": 1, "change_message": "[{\"added\": {}}]"}}, {"model": "admin.logentry", "pk": 2, "fields": {"action_time": "2017-09-08T12:46:34.571", "user": 1, "content_type": 7, "object_id": "2", "object_repr": "Cartagena", "action_flag": 1, "change_message": "[{\"added\": {}}]"}}, {"model": "admin.logentry", "pk": 3, "fields": {"action_time": "2017-09-08T12:48:52.824", "user": 1, "content_type": 10, "object_id": "2", "object_repr": "", "action_flag": 1, "change_message": "[{\"added\": {}}]"}}, {"model": "admin.logentry", "pk": 4, "fields": {"action_time": "2017-09-08T12:57:36.706", "user": 1, "content_type": 10, "object_id": "3", "object_repr": "Comboca", "action_flag": 1, "change_message": "[{\"added\": {}}]"}}, {"model": "admin.logentry", "pk": 5, "fields": {"action_time": "2017-09-08T12:59:26.380", "user": 1, "content_type": 10, "object_id": "2", "object_repr": "Empresa Logistica especializad", "action_flag": 2, "change_message": "[{\"changed\": {\"fields\": [\"username\", \"first_name\"]}}]"}}, {"model": "admin.logentry", "pk": 6, "fields": {"action_time": "2017-09-08T13:03:43.222", "user": 1, "content_type": 20, "object_id": "1", "object_repr": "Cedula", "action_flag": 1, "change_message": "[{\"added\": {}}]"}}, {"model": "admin.logentry", "pk": 7, "fields": {"action_time": "2017-09-08T13:07:32.037", "user": 1, "content_type": 8, "object_id": "1", "object_repr": "Kokorico Cartagena", "action_flag": 1, "change_message": "[{\"added\": {}}]"}}, {"model": "admin.logentry", "pk": 8, "fields": {"action_time": "2017-09-08T13:07:41.986", "user": 1, "content_type": 22, "object_id": "4", "object_repr": "Rafael andres Gomez Hermida", "action_flag": 1, "change_message": "[{\"added\": {}}]"}}, {"model": "admin.logentry", "pk": 9, "fields": {"action_time": "2017-09-08T13:10:23.386", "user": 1, "content_type": 22, "object_id": "5", "object_repr": "Rafael Sanchez", "action_flag": 1, "change_message": "[{\"added\": {}}]"}}, {"model": "admin.logentry", "pk": 10, "fields": {"action_time": "2017-09-08T13:11:40.769", "user": 1, "content_type": 22, "object_id": "6", "object_repr": "Henry Escalante Gonzales", "action_flag": 1, "change_message": "[{\"added\": {}}]"}}, {"model": "admin.logentry", "pk": 11, "fields": {"action_time": "2017-09-08T13:13:42.917", "user": 1, "content_type": 22, "object_id": "7", "object_repr": "Mario antonio Rodriguez Mackenzie", "action_flag": 1, "change_message": "[{\"added\": {}}]"}}, {"model": "admin.logentry", "pk": 12, "fields": {"action_time": "2017-09-08T13:14:50.141", "user": 1, "content_type": 22, "object_id": "8", "object_repr": "Arnulfo Castillo Albor", "action_flag": 1, "change_message": "[{\"added\": {}}]"}}, {"model": "admin.logentry", "pk": 13, "fields": {"action_time": "2017-09-08T13:23:12.746", "user": 1, "content_type": 23, "object_id": "9", "object_repr": "Libia Mendivil", "action_flag": 1, "change_message": "[{\"added\": {}}]"}}, {"model": "admin.logentry", "pk": 14, "fields": {"action_time": "2017-09-08T13:38:07.972", "user": 1, "content_type": 23, "object_id": "10", "object_repr": "Doris Zarmiento", "action_flag": 1, "change_message": "[{\"added\": {}}]"}}, {"model": "admin.logentry", "pk": 15, "fields": {"action_time": "2017-09-08T13:40:42.794", "user": 1, "content_type": 23, "object_id": "11", "object_repr": "Yesmi Begambre", "action_flag": 1, "change_message": "[{\"added\": {}}]"}}, {"model": "admin.logentry", "pk": 16, "fields": {"action_time": "2017-09-08T15:53:35.238", "user": 1, "content_type": 16, "object_id": "1", "object_repr": "Lunes", "action_flag": 1, "change_message": "[{\"added\": {}}]"}}, {"model": "admin.logentry", "pk": 17, "fields": {"action_time": "2017-09-08T16:36:15.271", "user": 1, "content_type": 28, "object_id": "1", "object_repr": "ZBQ22A", "action_flag": 1, "change_message": "[{\"added\": {}}]"}}, {"model": "admin.logentry", "pk": 18, "fields": {"action_time": "2017-09-08T16:38:26.373", "user": 1, "content_type": 28, "object_id": "2", "object_repr": "YWE23C", "action_flag": 1, "change_message": "[{\"added\": {}}]"}}, {"model": "admin.logentry", "pk": 19, "fields": {"action_time": "2017-09-08T16:39:30.103", "user": 1, "content_type": 28, "object_id": "3", "object_repr": "RNY73C", "action_flag": 1, "change_message": "[{\"added\": {}}]"}}, {"model": "admin.logentry", "pk": 20, "fields": {"action_time": "2017-09-08T16:39:46.844", "user": 1, "content_type": 16, "object_id": "2", "object_repr": "Martes", "action_flag": 1, "change_message": "[{\"added\": {}}]"}}, {"model": "admin.logentry", "pk": 21, "fields": {"action_time": "2017-09-20T16:12:50.746", "user": 1, "content_type": 4, "object_id": "4", "object_repr": "rafael", "action_flag": 2, "change_message": "[{\"changed\": {\"fields\": [\"first_name\"]}}]"}}, {"model": "admin.logentry", "pk": 22, "fields": {"action_time": "2017-09-24T12:35:16.504", "user": 1, "content_type": 28, "object_id": "4", "object_repr": "QWE89A", "action_flag": 1, "change_message": "[{\"added\": {}}]"}}, {"model": "admin.logentry", "pk": 23, "fields": {"action_time": "2017-09-24T12:36:57.152", "user": 1, "content_type": 28, "object_id": "5", "object_repr": "IOP98K", "action_flag": 1, "change_message": "[{\"added\": {}}]"}}, {"model": "admin.logentry", "pk": 24, "fields": {"action_time": "2017-09-25T12:35:49.587", "user": 1, "content_type": 9, "object_id": "12", "object_repr": "Raudi Machacon", "action_flag": 1, "change_message": "[{\"added\": {}}]"}}, {"model": "admin.logentry", "pk": 25, "fields": {"action_time": "2017-09-25T12:38:13.386", "user": 1, "content_type": 9, "object_id": "12", "object_repr": "Raudi Machacon", "action_flag": 2, "change_message": "[{\"changed\": {\"fields\": [\"identificacion\"]}}]"}}, {"model": "admin.logentry", "pk": 26, "fields": {"action_time": "2017-09-25T15:53:14.520", "user": 1, "content_type": 4, "object_id": "3", "object_repr": "comboca", "action_flag": 2, "change_message": "[{\"changed\": {\"fields\": [\"password\"]}}]"}}, {"model": "admin.logentry", "pk": 27, "fields": {"action_time": "2017-09-25T15:56:47.641", "user": 1, "content_type": 10, "object_id": "3", "object_repr": "Comboca", "action_flag": 2, "change_message": "[]"}}, {"model": "admin.logentry", "pk": 28, "fields": {"action_time": "2017-09-26T11:29:55.666", "user": 1, "content_type": 4, "object_id": "12", "object_repr": "raudi", "action_flag": 2, "change_message": "[{\"changed\": {\"fields\": [\"password\"]}}]"}}, {"model": "admin.logentry", "pk": 29, "fields": {"action_time": "2017-09-26T14:14:18.037", "user": 1, "content_type": 16, "object_id": "3", "object_repr": "Miercoles", "action_flag": 1, "change_message": "[{\"added\": {}}]"}}, {"model": "admin.logentry", "pk": 30, "fields": {"action_time": "2017-09-26T14:14:28.859", "user": 1, "content_type": 16, "object_id": "4", "object_repr": "Jueves", "action_flag": 1, "change_message": "[{\"added\": {}}]"}}, {"model": "admin.logentry", "pk": 31, "fields": {"action_time": "2017-09-26T14:14:40.594", "user": 1, "content_type": 16, "object_id": "5", "object_repr": "Viernes", "action_flag": 1, "change_message": "[{\"added\": {}}]"}}, {"model": "admin.logentry", "pk": 32, "fields": {"action_time": "2017-09-26T14:14:49.579", "user": 1, "content_type": 16, "object_id": "6", "object_repr": "Sabado", "action_flag": 1, "change_message": "[{\"added\": {}}]"}}, {"model": "admin.logentry", "pk": 33, "fields": {"action_time": "2017-09-26T14:15:00.013", "user": 1, "content_type": 16, "object_id": "7", "object_repr": "Domingo", "action_flag": 1, "change_message": "[{\"added\": {}}]"}}, {"model": "admin.logentry", "pk": 34, "fields": {"action_time": "2017-09-26T14:15:13.549", "user": 1, "content_type": 16, "object_id": "8", "object_repr": "Festivo", "action_flag": 1, "change_message": "[{\"added\": {}}]"}}, {"model": "admin.logentry", "pk": 35, "fields": {"action_time": "2017-09-26T14:17:26.072", "user": 1, "content_type": 18, "object_id": "1", "object_repr": "Comboca", "action_flag": 1, "change_message": "[{\"added\": {}}]"}}, {"model": "admin.logentry", "pk": 36, "fields": {"action_time": "2017-09-26T14:18:05.783", "user": 1, "content_type": 18, "object_id": "2", "object_repr": "Comboca", "action_flag": 1, "change_message": "[{\"added\": {}}]"}}, {"model": "admin.logentry", "pk": 37, "fields": {"action_time": "2017-09-26T14:41:37.746", "user": 1, "content_type": 8, "object_id": "1", "object_repr": "Kokorico Cartagena", "action_flag": 2, "change_message": "[]"}}, {"model": "admin.logentry", "pk": 38, "fields": {"action_time": "2017-09-27T18:09:36.863", "user": 1, "content_type": 12, "object_id": "5", "object_repr": "Rafael Sanchez", "action_flag": 2, "change_message": "[{\"changed\": {\"fields\": [\"fin\"]}}]"}}, {"model": "admin.logentry", "pk": 39, "fields": {"action_time": "2017-09-27T18:13:55.200", "user": 1, "content_type": 12, "object_id": "5", "object_repr": "Rafael Sanchez", "action_flag": 2, "change_message": "[{\"changed\": {\"fields\": [\"fin\"]}}]"}}, {"model": "admin.logentry", "pk": 40, "fields": {"action_time": "2017-09-27T18:15:28.053", "user": 1, "content_type": 12, "object_id": "4", "object_repr": "Rafael Andres Gomez Hermida", "action_flag": 2, "change_message": "[{\"changed\": {\"fields\": [\"fin\"]}}]"}}, {"model": "admin.logentry", "pk": 41, "fields": {"action_time": "2017-09-27T18:17:01.437", "user": 1, "content_type": 12, "object_id": "7", "object_repr": "Rafael Andres Gomez Hermida", "action_flag": 2, "change_message": "[{\"changed\": {\"fields\": [\"fin\"]}}]"}}, {"model": "admin.logentry", "pk": 42, "fields": {"action_time": "2017-09-27T18:17:53.186", "user": 1, "content_type": 12, "object_id": "4", "object_repr": "Rafael Andres Gomez Hermida", "action_flag": 2, "change_message": "[{\"changed\": {\"fields\": [\"fin\"]}}]"}}, {"model": "admin.logentry", "pk": 43, "fields": {"action_time": "2017-09-27T18:19:10.674", "user": 1, "content_type": 12, "object_id": "13", "object_repr": "Rafael Andres Gomez Hermida", "action_flag": 2, "change_message": "[{\"changed\": {\"fields\": [\"fin\"]}}]"}}, {"model": "admin.logentry", "pk": 44, "fields": {"action_time": "2017-09-27T18:19:30.971", "user": 1, "content_type": 12, "object_id": "5", "object_repr": "Rafael Sanchez", "action_flag": 2, "change_message": "[{\"changed\": {\"fields\": [\"fin\"]}}]"}}, {"model": "admin.logentry", "pk": 45, "fields": {"action_time": "2017-09-27T18:19:55.019", "user": 1, "content_type": 12, "object_id": "4", "object_repr": "Rafael Andres Gomez Hermida", "action_flag": 2, "change_message": "[{\"changed\": {\"fields\": [\"fin\"]}}]"}}, {"model": "admin.logentry", "pk": 46, "fields": {"action_time": "2017-09-27T18:20:15.935", "user": 1, "content_type": 12, "object_id": "7", "object_repr": "Rafael Andres Gomez Hermida", "action_flag": 2, "change_message": "[{\"changed\": {\"fields\": [\"fin\"]}}]"}}, {"model": "admin.logentry", "pk": 47, "fields": {"action_time": "2017-09-27T18:22:14.197", "user": 1, "content_type": 12, "object_id": "29", "object_repr": "Rafael Andres Gomez Hermida", "action_flag": 2, "change_message": "[{\"changed\": {\"fields\": [\"fin\"]}}]"}}, {"model": "admin.logentry", "pk": 48, "fields": {"action_time": "2017-09-29T08:18:19.519", "user": 1, "content_type": 12, "object_id": "35", "object_repr": "Rafael Andres Gomez Hermida", "action_flag": 2, "change_message": "[{\"changed\": {\"fields\": [\"fin\"]}}]"}}, {"model": "admin.logentry", "pk": 49, "fields": {"action_time": "2017-09-29T08:18:51.090", "user": 1, "content_type": 12, "object_id": "35", "object_repr": "Rafael Andres Gomez Hermida", "action_flag": 2, "change_message": "[{\"changed\": {\"fields\": [\"ini\", \"fin\"]}}]"}}, {"model": "admin.logentry", "pk": 50, "fields": {"action_time": "2017-10-12T09:05:08.818", "user": 1, "content_type": 12, "object_id": "46", "object_repr": "Rafael Andres Gomez Hermida", "action_flag": 3, "change_message": ""}}, {"model": "admin.logentry", "pk": 51, "fields": {"action_time": "2017-10-12T12:17:45.085", "user": 1, "content_type": 12, "object_id": "39", "object_repr": "Rafael Andres Gomez Hermida", "action_flag": 2, "change_message": "[{\"changed\": {\"fields\": [\"fin\"]}}]"}}, {"model": "admin.logentry", "pk": 52, "fields": {"action_time": "2017-10-12T12:19:19.749", "user": 1, "content_type": 12, "object_id": "8", "object_repr": "Rafael Sanchez", "action_flag": 3, "change_message": ""}}, {"model": "admin.logentry", "pk": 53, "fields": {"action_time": "2017-10-12T12:20:15.727", "user": 1, "content_type": 12, "object_id": "36", "object_repr": "Rafael Andres Gomez Hermida", "action_flag": 2, "change_message": "[{\"changed\": {\"fields\": [\"fin\"]}}]"}}, {"model": "admin.logentry", "pk": 54, "fields": {"action_time": "2017-10-12T12:21:40.849", "user": 1, "content_type": 12, "object_id": "41", "object_repr": "Rafael Sanchez", "action_flag": 2, "change_message": "[{\"changed\": {\"fields\": [\"ini\", \"fin\"]}}]"}}, {"model": "admin.logentry", "pk": 55, "fields": {"action_time": "2017-10-12T12:29:30.904", "user": 1, "content_type": 12, "object_id": "34", "object_repr": "Rafael Andres Gomez Hermida", "action_flag": 2, "change_message": "[{\"changed\": {\"fields\": [\"fin\"]}}]"}}, {"model": "admin.logentry", "pk": 56, "fields": {"action_time": "2017-10-12T12:30:53.499", "user": 1, "content_type": 12, "object_id": "36", "object_repr": "Rafael Andres Gomez Hermida", "action_flag": 3, "change_message": ""}}, {"model": "admin.logentry", "pk": 57, "fields": {"action_time": "2017-10-12T12:36:17.972", "user": 1, "content_type": 12, "object_id": "40", "object_repr": "Rafael Sanchez", "action_flag": 3, "change_message": ""}}, {"model": "admin.logentry", "pk": 58, "fields": {"action_time": "2017-10-12T12:38:35.539", "user": 1, "content_type": 12, "object_id": "45", "object_repr": "Rafael Andres Gomez Hermida", "action_flag": 3, "change_message": ""}}, {"model": "admin.logentry", "pk": 59, "fields": {"action_time": "2017-10-12T12:59:34.704", "user": 1, "content_type": 12, "object_id": "57", "object_repr": "Rafael Andres Gomez Hermida", "action_flag": 1, "change_message": "[{\"added\": {}}]"}}, {"model": "admin.logentry", "pk": 60, "fields": {"action_time": "2017-10-12T13:09:37.790", "user": 1, "content_type": 12, "object_id": "57", "object_repr": "Rafael Andres Gomez Hermida", "action_flag": 2, "change_message": "[{\"changed\": {\"fields\": [\"cerrado\"]}}]"}}]