[{"model": "auth.user", "pk": 1, "fields": {"password": "pbkdf2_sha256$36000$eI1KfS8qzWZU$Ls20wIUJC4Er3vad5K57D7DySJFcb+Ek3RqUG/3MKfI=", "last_login": "2017-11-16T15:35:53.144", "is_superuser": true, "username": "admin", "first_name": "", "last_name": "", "email": "admin@gamil.com", "is_staff": true, "is_active": true, "date_joined": "2017-09-08T10:32:07.955", "groups": [], "user_permissions": []}}, {"model": "auth.user", "pk": 2, "fields": {"password": "pbkdf2_sha256$36000$RYEhP4FMhu8h$BtbAwwDdmJekhmqJwQkQPRt/GrozcKocqa6pzQSML4w=", "last_login": null, "is_superuser": false, "username": "ele", "first_name": "Empresa Logistica especializad", "last_name": "", "email": "", "is_staff": false, "is_active": true, "date_joined": "2017-09-08T12:48:52.786", "groups": [], "user_permissions": []}}, {"model": "auth.user", "pk": 3, "fields": {"password": "pbkdf2_sha256$36000$fwBpIaq0EliL$fDCj5/HOZjg8ttyXYMCcPdFiPBxWep31Lm9shrhYpGg=", "last_login": "2017-09-25T15:55:44.779", "is_superuser": false, "username": "comboca", "first_name": "Comboca", "last_name": "", "email": "", "is_staff": false, "is_active": true, "date_joined": "2017-09-08T12:57:36.666", "groups": [], "user_permissions": []}}, {"model": "auth.user", "pk": 4, "fields": {"password": "pbkdf2_sha256$36000$BQ6zBwzkyzsr$Xtu6k15PiAnA0CaW+RDlBbtOw9YWObthATvSfvr+KFs=", "last_login": null, "is_superuser": false, "username": "rafael", "first_name": "Rafael Andres", "last_name": "Gomez Hermida", "email": "", "is_staff": false, "is_active": true, "date_joined": "2017-09-08T13:07:41", "groups": [], "user_permissions": []}}, {"model": "auth.user", "pk": 5, "fields": {"password": "pbkdf2_sha256$36000$W7IplC81vpLc$kYXKCeac4OfXQ2BY0QJVOVzTHuRaBZqpSwXemJ3yZzc=", "last_login": null, "is_superuser": false, "username": "rafaels", "first_name": "Rafael", "last_name": "Sanchez", "email": "", "is_staff": false, "is_active": true, "date_joined": "2017-09-08T13:10:23.344", "groups": [], "user_permissions": []}}, {"model": "auth.user", "pk": 6, "fields": {"password": "pbkdf2_sha256$36000$5FqQstcneEOy$mS/f856xEvggedXDk82dXk0qHZOkCiCGDapX+/I6JYA=", "last_login": null, "is_superuser": false, "username": "henri", "first_name": "Henry", "last_name": "Escalante Gonzales", "email": "", "is_staff": false, "is_active": true, "date_joined": "2017-09-08T13:11:40.727", "groups": [], "user_permissions": []}}, {"model": "auth.user", "pk": 7, "fields": {"password": "pbkdf2_sha256$36000$BN0Ixe37dTPO$/RKRNqgPZi4U2//gHaxeN64ujqDM5EGKEAmFQLp7mL8=", "last_login": null, "is_superuser": false, "username": "mario", "first_name": "Mario antonio", "last_name": "Rodriguez Mackenzie", "email": "", "is_staff": false, "is_active": true, "date_joined": "2017-09-08T13:13:42.874", "groups": [], "user_permissions": []}}, {"model": "auth.user", "pk": 8, "fields": {"password": "pbkdf2_sha256$36000$QJYzdX5I317U$DqrZkKeDDYFpCEzgYzHXnF7TRkuh5OKf3hj6e/wASzE=", "last_login": null, "is_superuser": false, "username": "arnulfo", "first_name": "Arnulfo", "last_name": "Castillo Albor", "email": "", "is_staff": false, "is_active": true, "date_joined": "2017-09-08T13:14:50.098", "groups": [], "user_permissions": []}}, {"model": "auth.user", "pk": 9, "fields": {"password": "pbkdf2_sha256$36000$0WdHZKxAUOQb$x0GY9OCW3BeSSjiqMq8QkudwAAXBiqrcKPR+YHaFZWg=", "last_login": "2017-11-16T11:02:42.202", "is_superuser": false, "username": "kokocrespo1", "first_name": "Libia", "last_name": "Mendivil", "email": "", "is_staff": false, "is_active": true, "date_joined": "2017-09-08T13:23:12.704", "groups": [], "user_permissions": []}}, {"model": "auth.user", "pk": 10, "fields": {"password": "pbkdf2_sha256$36000$JIMX99imhOFo$mvu8kwTIuapPYWTiej9zr/E3k9RRfMZh1EWmOxmMQ/4=", "last_login": "2017-11-07T10:53:57.774", "is_superuser": false, "username": "Kokocrespo1", "first_name": "Doris", "last_name": "Zarmiento", "email": "", "is_staff": false, "is_active": true, "date_joined": "2017-09-08T13:38:07", "groups": [], "user_permissions": []}}, {"model": "auth.user", "pk": 11, "fields": {"password": "pbkdf2_sha256$36000$FSc0P7lcNUKv$6xUvb1dAtno28zYdIk/pBwmTmPiYnjxRF97xgP+ffr8=", "last_login": "2017-11-03T11:05:01.046", "is_superuser": false, "username": "kokocrespo3", "first_name": "Yesmi", "last_name": "Begambre", "email": "", "is_staff": false, "is_active": true, "date_joined": "2017-09-08T13:40:42.751", "groups": [], "user_permissions": []}}, {"model": "auth.user", "pk": 12, "fields": {"password": "pbkdf2_sha256$36000$svwAKdtSmxYg$cfw8S5D6fsZLB/g8dtmckAGcBm7rXTZA/ol9q8lmrzU=", "last_login": "2017-11-16T17:50:46.440", "is_superuser": false, "username": "raudi", "first_name": "Raudi", "last_name": "Machacon", "email": "", "is_staff": false, "is_active": true, "date_joined": "2017-09-25T12:35:49.538", "groups": [], "user_permissions": []}}, {"model": "sessions.session", "pk": "0s5art9fj93gflb5k8q010874t27orlu", "fields": {"session_data": "MDYzZTI5NzNlNmZmODExMjE0OTgwNGMwMDQ3ZTI2NjVhMTU4ZDI3MDp7Il9hdXRoX3VzZXJfaGFzaCI6IjVjNDVkMjk2OGQ5OWY5NWUyMmY5OTIzYTU2OTYxODU0ODM1NWYzODEiLCJfYXV0aF91c2VyX2JhY2tlbmQiOiJkamFuZ28uY29udHJpYi5hdXRoLmJhY2tlbmRzLk1vZGVsQmFja2VuZCIsIl9hdXRoX3VzZXJfaWQiOiI5In0=", "expire_date": "2017-10-28T11:29:25.399"}}, {"model": "sessions.session", "pk": "1dp1ggowc4mcev5kxd3bnw4bk8qq9olj", "fields": {"session_data": "YzYyY2JlZWU0ZjFlYmNiZGU3MmJiMDYzMTE4ZTliMjFkM2U4MTJlYTp7Il9hdXRoX3VzZXJfaGFzaCI6IjkxMDg5ODVmYWU0NjA0YjdjYjM2Njc4NzVkMGQ3ZjM0ZWJmOWNjNjciLCJfYXV0aF91c2VyX2JhY2tlbmQiOiJkamFuZ28uY29udHJpYi5hdXRoLmJhY2tlbmRzLk1vZGVsQmFja2VuZCIsIl9hdXRoX3VzZXJfaWQiOiIxMiJ9", "expire_date": "2017-10-26T08:36:48.408"}}, {"model": "sessions.session", "pk": "3u6ciibn3tbcjsq5ldz77l424uapgj33", "fields": {"session_data": "YzYyY2JlZWU0ZjFlYmNiZGU3MmJiMDYzMTE4ZTliMjFkM2U4MTJlYTp7Il9hdXRoX3VzZXJfaGFzaCI6IjkxMDg5ODVmYWU0NjA0YjdjYjM2Njc4NzVkMGQ3ZjM0ZWJmOWNjNjciLCJfYXV0aF91c2VyX2JhY2tlbmQiOiJkamFuZ28uY29udHJpYi5hdXRoLmJhY2tlbmRzLk1vZGVsQmFja2VuZCIsIl9hdXRoX3VzZXJfaWQiOiIxMiJ9", "expire_date": "2017-11-30T17:50:46.444"}}, {"model": "sessions.session", "pk": "3v6s39gbtdek27x9tmmiqvfz9e9fhsea", "fields": {"session_data": "NTYwYmVkMjZlNjNkZDg0ZWM5M2Y3ZDM4ZDkyYzhhYzBhZTNjNGIyYTp7Il9hdXRoX3VzZXJfaGFzaCI6ImMzYmQ3YmIzNWM0NDhhNWY3OGVlZGRkMGE3MDhhZDQ0YzU2N2ZkNjEiLCJfYXV0aF91c2VyX2JhY2tlbmQiOiJkamFuZ28uY29udHJpYi5hdXRoLmJhY2tlbmRzLk1vZGVsQmFja2VuZCIsIl9hdXRoX3VzZXJfaWQiOiIxMiJ9", "expire_date": "2017-10-09T12:46:27.554"}}, {"model": "sessions.session", "pk": "466u0252hz3q57i5u5y29nxtd5d6qt2f", "fields": {"session_data": "YzYyY2JlZWU0ZjFlYmNiZGU3MmJiMDYzMTE4ZTliMjFkM2U4MTJlYTp7Il9hdXRoX3VzZXJfaGFzaCI6IjkxMDg5ODVmYWU0NjA0YjdjYjM2Njc4NzVkMGQ3ZjM0ZWJmOWNjNjciLCJfYXV0aF91c2VyX2JhY2tlbmQiOiJkamFuZ28uY29udHJpYi5hdXRoLmJhY2tlbmRzLk1vZGVsQmFja2VuZCIsIl9hdXRoX3VzZXJfaWQiOiIxMiJ9", "expire_date": "2017-11-30T15:51:46.499"}}, {"model": "sessions.session", "pk": "5ws3fuinihuxh1r8z709cv8em83zghp1", "fields": {"session_data": "YzEzMTZlODUxYjhmMjkxOGFmMWY2YTYwNGYwNDVmMzFlZmU5ZjI2ODp7Il9hdXRoX3VzZXJfaGFzaCI6IjY1MjNkZWE4MDY4Mjg5ODhhMjU1MWJjYTY2YmU0YWU0OTZkNzBjYjQiLCJfYXV0aF91c2VyX2JhY2tlbmQiOiJkamFuZ28uY29udHJpYi5hdXRoLmJhY2tlbmRzLk1vZGVsQmFja2VuZCIsIl9hdXRoX3VzZXJfaWQiOiIxMSJ9", "expire_date": "2017-10-13T08:19:08.757"}}, {"model": "sessions.session", "pk": "6kwjiulqx9e69d2rlkho2ax6hfx9hswf", "fields": {"session_data": "ODdlMmJiMTI1YzExNWNmNTI0NjEwNDk2MGM0NWI3OTNlNjcxZWI4ZDp7Il9hdXRoX3VzZXJfaGFzaCI6IjliMGRlMTA0MGZmODYzM2FjNzBjODk2OTZkZDY5OGI3N2JiMzk1MjUiLCJfYXV0aF91c2VyX2JhY2tlbmQiOiJkamFuZ28uY29udHJpYi5hdXRoLmJhY2tlbmRzLk1vZGVsQmFja2VuZCIsIl9hdXRoX3VzZXJfaWQiOiIxIn0=", "expire_date": "2017-10-10T14:35:52.262"}}, {"model": "sessions.session", "pk": "6rlkx8okvazquv6bv722hsvhv1x82wwy", "fields": {"session_data": "MWNkMWVhMWM1ZmQxNmYxOTU0ZmQwYTMxZmM5OTAzYzg3OTUzOTVkNzp7Il9hdXRoX3VzZXJfaGFzaCI6IjNjYzNmMzM5OTY4OTkxM2M5ZmUyNGVhZTYxM2Y3Njc4YzBjNGEyZWQiLCJfYXV0aF91c2VyX2JhY2tlbmQiOiJkamFuZ28uY29udHJpYi5hdXRoLmJhY2tlbmRzLk1vZGVsQmFja2VuZCIsIl9hdXRoX3VzZXJfaWQiOiIxMCJ9", "expire_date": "2017-11-21T10:53:57.777"}}, {"model": "sessions.session", "pk": "7otdz9mpptuk5h0u2ceqh11d4fzvca9r", "fields": {"session_data": "ODdlMmJiMTI1YzExNWNmNTI0NjEwNDk2MGM0NWI3OTNlNjcxZWI4ZDp7Il9hdXRoX3VzZXJfaGFzaCI6IjliMGRlMTA0MGZmODYzM2FjNzBjODk2OTZkZDY5OGI3N2JiMzk1MjUiLCJfYXV0aF91c2VyX2JhY2tlbmQiOiJkamFuZ28uY29udHJpYi5hdXRoLmJhY2tlbmRzLk1vZGVsQmFja2VuZCIsIl9hdXRoX3VzZXJfaWQiOiIxIn0=", "expire_date": "2017-11-13T15:15:44.360"}}, {"model": "sessions.session", "pk": "7qg8t1s14n5p3m7gs7xj578tb7a41r6y", "fields": {"session_data": "ODdlMmJiMTI1YzExNWNmNTI0NjEwNDk2MGM0NWI3OTNlNjcxZWI4ZDp7Il9hdXRoX3VzZXJfaGFzaCI6IjliMGRlMTA0MGZmODYzM2FjNzBjODk2OTZkZDY5OGI3N2JiMzk1MjUiLCJfYXV0aF91c2VyX2JhY2tlbmQiOiJkamFuZ28uY29udHJpYi5hdXRoLmJhY2tlbmRzLk1vZGVsQmFja2VuZCIsIl9hdXRoX3VzZXJfaWQiOiIxIn0=", "expire_date": "2017-09-22T16:08:22.192"}}, {"model": "sessions.session", "pk": "808malgtinjcv8bataqd93gf2az3sxx1", "fields": {"session_data": "MDYzZTI5NzNlNmZmODExMjE0OTgwNGMwMDQ3ZTI2NjVhMTU4ZDI3MDp7Il9hdXRoX3VzZXJfaGFzaCI6IjVjNDVkMjk2OGQ5OWY5NWUyMmY5OTIzYTU2OTYxODU0ODM1NWYzODEiLCJfYXV0aF91c2VyX2JhY2tlbmQiOiJkamFuZ28uY29udHJpYi5hdXRoLmJhY2tlbmRzLk1vZGVsQmFja2VuZCIsIl9hdXRoX3VzZXJfaWQiOiI5In0=", "expire_date": "2017-09-23T17:03:11.865"}}, {"model": "sessions.session", "pk": "8axopepb3cku2ovqzhel9sghz7rb2811", "fields": {"session_data": "ODdlMmJiMTI1YzExNWNmNTI0NjEwNDk2MGM0NWI3OTNlNjcxZWI4ZDp7Il9hdXRoX3VzZXJfaGFzaCI6IjliMGRlMTA0MGZmODYzM2FjNzBjODk2OTZkZDY5OGI3N2JiMzk1MjUiLCJfYXV0aF91c2VyX2JhY2tlbmQiOiJkamFuZ28uY29udHJpYi5hdXRoLmJhY2tlbmRzLk1vZGVsQmFja2VuZCIsIl9hdXRoX3VzZXJfaWQiOiIxIn0=", "expire_date": "2017-10-25T13:56:23.641"}}, {"model": "sessions.session", "pk": "8jf539x3gk8s61o76xuk9qtyjeg4vn65", "fields": {"session_data": "MDYzZTI5NzNlNmZmODExMjE0OTgwNGMwMDQ3ZTI2NjVhMTU4ZDI3MDp7Il9hdXRoX3VzZXJfaGFzaCI6IjVjNDVkMjk2OGQ5OWY5NWUyMmY5OTIzYTU2OTYxODU0ODM1NWYzODEiLCJfYXV0aF91c2VyX2JhY2tlbmQiOiJkamFuZ28uY29udHJpYi5hdXRoLmJhY2tlbmRzLk1vZGVsQmFja2VuZCIsIl9hdXRoX3VzZXJfaWQiOiI5In0=", "expire_date": "2017-10-28T11:08:05.937"}}, {"model": "sessions.session", "pk": "8pdeji95y13bz9utmbmlu9w96klyr6ot", "fields": {"session_data": "MDYzZTI5NzNlNmZmODExMjE0OTgwNGMwMDQ3ZTI2NjVhMTU4ZDI3MDp7Il9hdXRoX3VzZXJfaGFzaCI6IjVjNDVkMjk2OGQ5OWY5NWUyMmY5OTIzYTU2OTYxODU0ODM1NWYzODEiLCJfYXV0aF91c2VyX2JhY2tlbmQiOiJkamFuZ28uY29udHJpYi5hdXRoLmJhY2tlbmRzLk1vZGVsQmFja2VuZCIsIl9hdXRoX3VzZXJfaWQiOiI5In0=", "expire_date": "2017-10-26T21:16:42.427"}}, {"model": "sessions.session", "pk": "8x33f5dkhelsn5d53uv8j0cmq7dju235", "fields": {"session_data": "MDYzZTI5NzNlNmZmODExMjE0OTgwNGMwMDQ3ZTI2NjVhMTU4ZDI3MDp7Il9hdXRoX3VzZXJfaGFzaCI6IjVjNDVkMjk2OGQ5OWY5NWUyMmY5OTIzYTU2OTYxODU0ODM1NWYzODEiLCJfYXV0aF91c2VyX2JhY2tlbmQiOiJkamFuZ28uY29udHJpYi5hdXRoLmJhY2tlbmRzLk1vZGVsQmFja2VuZCIsIl9hdXRoX3VzZXJfaWQiOiI5In0=", "expire_date": "2017-10-17T12:51:54.426"}}, {"model": "sessions.session", "pk": "9dsba9z3ak90jt28n0wxm7sk3mu7ql0r", "fields": {"session_data": "MDYzZTI5NzNlNmZmODExMjE0OTgwNGMwMDQ3ZTI2NjVhMTU4ZDI3MDp7Il9hdXRoX3VzZXJfaGFzaCI6IjVjNDVkMjk2OGQ5OWY5NWUyMmY5OTIzYTU2OTYxODU0ODM1NWYzODEiLCJfYXV0aF91c2VyX2JhY2tlbmQiOiJkamFuZ28uY29udHJpYi5hdXRoLmJhY2tlbmRzLk1vZGVsQmFja2VuZCIsIl9hdXRoX3VzZXJfaWQiOiI5In0=", "expire_date": "2017-10-08T12:20:40.065"}}, {"model": "sessions.session", "pk": "adnrg667bkoqhzouibg52lw38tcb4o1a", "fields": {"session_data": "ODdlMmJiMTI1YzExNWNmNTI0NjEwNDk2MGM0NWI3OTNlNjcxZWI4ZDp7Il9hdXRoX3VzZXJfaGFzaCI6IjliMGRlMTA0MGZmODYzM2FjNzBjODk2OTZkZDY5OGI3N2JiMzk1MjUiLCJfYXV0aF91c2VyX2JhY2tlbmQiOiJkamFuZ28uY29udHJpYi5hdXRoLmJhY2tlbmRzLk1vZGVsQmFja2VuZCIsIl9hdXRoX3VzZXJfaWQiOiIxIn0=", "expire_date": "2017-10-26T13:08:17.544"}}, {"model": "sessions.session", "pk": "alhwgkzdtobrgek3952vvv5v6917dyzo", "fields": {"session_data": "MDYzZTI5NzNlNmZmODExMjE0OTgwNGMwMDQ3ZTI2NjVhMTU4ZDI3MDp7Il9hdXRoX3VzZXJfaGFzaCI6IjVjNDVkMjk2OGQ5OWY5NWUyMmY5OTIzYTU2OTYxODU0ODM1NWYzODEiLCJfYXV0aF91c2VyX2JhY2tlbmQiOiJkamFuZ28uY29udHJpYi5hdXRoLmJhY2tlbmRzLk1vZGVsQmFja2VuZCIsIl9hdXRoX3VzZXJfaWQiOiI5In0=", "expire_date": "2017-11-30T10:17:02.454"}}, {"model": "sessions.session", "pk": "cfqbafxfeoi38tkkhzaryxrz1cmc8ig1", "fields": {"session_data": "MWNkMWVhMWM1ZmQxNmYxOTU0ZmQwYTMxZmM5OTAzYzg3OTUzOTVkNzp7Il9hdXRoX3VzZXJfaGFzaCI6IjNjYzNmMzM5OTY4OTkxM2M5ZmUyNGVhZTYxM2Y3Njc4YzBjNGEyZWQiLCJfYXV0aF91c2VyX2JhY2tlbmQiOiJkamFuZ28uY29udHJpYi5hdXRoLmJhY2tlbmRzLk1vZGVsQmFja2VuZCIsIl9hdXRoX3VzZXJfaWQiOiIxMCJ9", "expire_date": "2017-11-02T14:22:10.768"}}, {"model": "sessions.session", "pk": "dqw6up3s8dmps2g82npj3a3spm8xv40r", "fields": {"session_data": "MDYzZTI5NzNlNmZmODExMjE0OTgwNGMwMDQ3ZTI2NjVhMTU4ZDI3MDp7Il9hdXRoX3VzZXJfaGFzaCI6IjVjNDVkMjk2OGQ5OWY5NWUyMmY5OTIzYTU2OTYxODU0ODM1NWYzODEiLCJfYXV0aF91c2VyX2JhY2tlbmQiOiJkamFuZ28uY29udHJpYi5hdXRoLmJhY2tlbmRzLk1vZGVsQmFja2VuZCIsIl9hdXRoX3VzZXJfaWQiOiI5In0=", "expire_date": "2017-10-11T09:53:08.091"}}, {"model": "sessions.session", "pk": "e2p49pyn2nnkxkw4sv7cjogfscqhq3il", "fields": {"session_data": "MWNkMWVhMWM1ZmQxNmYxOTU0ZmQwYTMxZmM5OTAzYzg3OTUzOTVkNzp7Il9hdXRoX3VzZXJfaGFzaCI6IjNjYzNmMzM5OTY4OTkxM2M5ZmUyNGVhZTYxM2Y3Njc4YzBjNGEyZWQiLCJfYXV0aF91c2VyX2JhY2tlbmQiOiJkamFuZ28uY29udHJpYi5hdXRoLmJhY2tlbmRzLk1vZGVsQmFja2VuZCIsIl9hdXRoX3VzZXJfaWQiOiIxMCJ9", "expire_date": "2017-10-28T11:22:36.598"}}, {"model": "sessions.session", "pk": "ek96h0msl77lvv14o0jbvkh6x2rhm6ir", "fields": {"session_data": "MDYzZTI5NzNlNmZmODExMjE0OTgwNGMwMDQ3ZTI2NjVhMTU4ZDI3MDp7Il9hdXRoX3VzZXJfaGFzaCI6IjVjNDVkMjk2OGQ5OWY5NWUyMmY5OTIzYTU2OTYxODU0ODM1NWYzODEiLCJfYXV0aF91c2VyX2JhY2tlbmQiOiJkamFuZ28uY29udHJpYi5hdXRoLmJhY2tlbmRzLk1vZGVsQmFja2VuZCIsIl9hdXRoX3VzZXJfaWQiOiI5In0=", "expire_date": "2017-11-19T20:54:15.798"}}, {"model": "sessions.session", "pk": "et5p0h0e0f8yg413zhhxx3j5zmg98rhg", "fields": {"session_data": "MDYzZTI5NzNlNmZmODExMjE0OTgwNGMwMDQ3ZTI2NjVhMTU4ZDI3MDp7Il9hdXRoX3VzZXJfaGFzaCI6IjVjNDVkMjk2OGQ5OWY5NWUyMmY5OTIzYTU2OTYxODU0ODM1NWYzODEiLCJfYXV0aF91c2VyX2JhY2tlbmQiOiJkamFuZ28uY29udHJpYi5hdXRoLmJhY2tlbmRzLk1vZGVsQmFja2VuZCIsIl9hdXRoX3VzZXJfaWQiOiI5In0=", "expire_date": "2017-10-26T20:05:20.494"}}, {"model": "sessions.session", "pk": "f8cae8zf76bmpzm5izd8h8uauwnyoaia", "fields": {"session_data": "MDYzZTI5NzNlNmZmODExMjE0OTgwNGMwMDQ3ZTI2NjVhMTU4ZDI3MDp7Il9hdXRoX3VzZXJfaGFzaCI6IjVjNDVkMjk2OGQ5OWY5NWUyMmY5OTIzYTU2OTYxODU0ODM1NWYzODEiLCJfYXV0aF91c2VyX2JhY2tlbmQiOiJkamFuZ28uY29udHJpYi5hdXRoLmJhY2tlbmRzLk1vZGVsQmFja2VuZCIsIl9hdXRoX3VzZXJfaWQiOiI5In0=", "expire_date": "2017-09-23T16:51:57.183"}}, {"model": "sessions.session", "pk": "fouvagcadbl3pgcpqps7vy808ojgxtm4", "fields": {"session_data": "MDYzZTI5NzNlNmZmODExMjE0OTgwNGMwMDQ3ZTI2NjVhMTU4ZDI3MDp7Il9hdXRoX3VzZXJfaGFzaCI6IjVjNDVkMjk2OGQ5OWY5NWUyMmY5OTIzYTU2OTYxODU0ODM1NWYzODEiLCJfYXV0aF91c2VyX2JhY2tlbmQiOiJkamFuZ28uY29udHJpYi5hdXRoLmJhY2tlbmRzLk1vZGVsQmFja2VuZCIsIl9hdXRoX3VzZXJfaWQiOiI5In0=", "expire_date": "2017-09-23T16:37:17.808"}}, {"model": "sessions.session", "pk": "gexadejl0ev173tpgllp1iysa6yxsqy6", "fields": {"session_data": "YzYyY2JlZWU0ZjFlYmNiZGU3MmJiMDYzMTE4ZTliMjFkM2U4MTJlYTp7Il9hdXRoX3VzZXJfaGFzaCI6IjkxMDg5ODVmYWU0NjA0YjdjYjM2Njc4NzVkMGQ3ZjM0ZWJmOWNjNjciLCJfYXV0aF91c2VyX2JhY2tlbmQiOiJkamFuZ28uY29udHJpYi5hdXRoLmJhY2tlbmRzLk1vZGVsQmFja2VuZCIsIl9hdXRoX3VzZXJfaWQiOiIxMiJ9", "expire_date": "2017-11-16T17:37:02.288"}}, {"model": "sessions.session", "pk": "hke8c6cs17cg58a6oc6srjyn16fmq2wg", "fields": {"session_data": "MDYzZTI5NzNlNmZmODExMjE0OTgwNGMwMDQ3ZTI2NjVhMTU4ZDI3MDp7Il9hdXRoX3VzZXJfaGFzaCI6IjVjNDVkMjk2OGQ5OWY5NWUyMmY5OTIzYTU2OTYxODU0ODM1NWYzODEiLCJfYXV0aF91c2VyX2JhY2tlbmQiOiJkamFuZ28uY29udHJpYi5hdXRoLmJhY2tlbmRzLk1vZGVsQmFja2VuZCIsIl9hdXRoX3VzZXJfaWQiOiI5In0=", "expire_date": "2017-09-29T11:23:20.580"}}, {"model": "sessions.session", "pk": "hxvfwlf5blyxo8pk5fnir6y7q63h3cfy", "fields": {"session_data": "ODdlMmJiMTI1YzExNWNmNTI0NjEwNDk2MGM0NWI3OTNlNjcxZWI4ZDp7Il9hdXRoX3VzZXJfaGFzaCI6IjliMGRlMTA0MGZmODYzM2FjNzBjODk2OTZkZDY5OGI3N2JiMzk1MjUiLCJfYXV0aF91c2VyX2JhY2tlbmQiOiJkamFuZ28uY29udHJpYi5hdXRoLmJhY2tlbmRzLk1vZGVsQmFja2VuZCIsIl9hdXRoX3VzZXJfaWQiOiIxIn0=", "expire_date": "2017-10-10T14:55:00.787"}}, {"model": "sessions.session", "pk": "i50wt01jao8vkuw1xkz73d0y3pryvy5j", "fields": {"session_data": "MDYzZTI5NzNlNmZmODExMjE0OTgwNGMwMDQ3ZTI2NjVhMTU4ZDI3MDp7Il9hdXRoX3VzZXJfaGFzaCI6IjVjNDVkMjk2OGQ5OWY5NWUyMmY5OTIzYTU2OTYxODU0ODM1NWYzODEiLCJfYXV0aF91c2VyX2JhY2tlbmQiOiJkamFuZ28uY29udHJpYi5hdXRoLmJhY2tlbmRzLk1vZGVsQmFja2VuZCIsIl9hdXRoX3VzZXJfaWQiOiI5In0=", "expire_date": "2017-10-27T12:02:00.263"}}, {"model": "sessions.session", "pk": "jljogar43srhzjj35z19g24hhygjs6g4", "fields": {"session_data": "MmU4Mjg3ZTU4NmVhZmY5NWE5ODdlMjJlNDBjNmVjMzg0YzQxN2RjNDp7Il9hdXRoX3VzZXJfaGFzaCI6IjVjNDVkMjk2OGQ5OWY5NWUyMmY5OTIzYTU2OTYxODU0ODM1NWYzODEiLCJfYXV0aF91c2VyX2lkIjoiOSIsIl9hdXRoX3VzZXJfYmFja2VuZCI6ImRqYW5nby5jb250cmliLmF1dGguYmFja2VuZHMuTW9kZWxCYWNrZW5kIn0=", "expire_date": "2017-10-16T14:26:45.391"}}, {"model": "sessions.session", "pk": "jnw6tcmcfi0kaiilyhsmceciblhjlpgu", "fields": {"session_data": "MDYzZTI5NzNlNmZmODExMjE0OTgwNGMwMDQ3ZTI2NjVhMTU4ZDI3MDp7Il9hdXRoX3VzZXJfaGFzaCI6IjVjNDVkMjk2OGQ5OWY5NWUyMmY5OTIzYTU2OTYxODU0ODM1NWYzODEiLCJfYXV0aF91c2VyX2JhY2tlbmQiOiJkamFuZ28uY29udHJpYi5hdXRoLmJhY2tlbmRzLk1vZGVsQmFja2VuZCIsIl9hdXRoX3VzZXJfaWQiOiI5In0=", "expire_date": "2017-11-30T11:02:42.206"}}, {"model": "sessions.session", "pk": "jpv81fpi5oj5z7r0ci6wgzxbammjd8e4", "fields": {"session_data": "ODdlMmJiMTI1YzExNWNmNTI0NjEwNDk2MGM0NWI3OTNlNjcxZWI4ZDp7Il9hdXRoX3VzZXJfaGFzaCI6IjliMGRlMTA0MGZmODYzM2FjNzBjODk2OTZkZDY5OGI3N2JiMzk1MjUiLCJfYXV0aF91c2VyX2JhY2tlbmQiOiJkamFuZ28uY29udHJpYi5hdXRoLmJhY2tlbmRzLk1vZGVsQmFja2VuZCIsIl9hdXRoX3VzZXJfaWQiOiIxIn0=", "expire_date": "2017-11-22T19:50:13.290"}}, {"model": "sessions.session", "pk": "kgegcs3psao5cvvnde50r88jpmrv1eoy", "fields": {"session_data": "MDYzZTI5NzNlNmZmODExMjE0OTgwNGMwMDQ3ZTI2NjVhMTU4ZDI3MDp7Il9hdXRoX3VzZXJfaGFzaCI6IjVjNDVkMjk2OGQ5OWY5NWUyMmY5OTIzYTU2OTYxODU0ODM1NWYzODEiLCJfYXV0aF91c2VyX2JhY2tlbmQiOiJkamFuZ28uY29udHJpYi5hdXRoLmJhY2tlbmRzLk1vZGVsQmFja2VuZCIsIl9hdXRoX3VzZXJfaWQiOiI5In0=", "expire_date": "2017-11-11T12:46:50.453"}}, {"model": "sessions.session", "pk": "kris9oumbhdxd80uamsw1kzfo3cagvxb", "fields": {"session_data": "MDYzZTI5NzNlNmZmODExMjE0OTgwNGMwMDQ3ZTI2NjVhMTU4ZDI3MDp7Il9hdXRoX3VzZXJfaGFzaCI6IjVjNDVkMjk2OGQ5OWY5NWUyMmY5OTIzYTU2OTYxODU0ODM1NWYzODEiLCJfYXV0aF91c2VyX2JhY2tlbmQiOiJkamFuZ28uY29udHJpYi5hdXRoLmJhY2tlbmRzLk1vZGVsQmFja2VuZCIsIl9hdXRoX3VzZXJfaWQiOiI5In0=", "expire_date": "2017-09-23T17:19:16.346"}}, {"model": "sessions.session", "pk": "luk62vsc6w4uqikic5x8wre3o63cdj9x", "fields": {"session_data": "ODdlMmJiMTI1YzExNWNmNTI0NjEwNDk2MGM0NWI3OTNlNjcxZWI4ZDp7Il9hdXRoX3VzZXJfaGFzaCI6IjliMGRlMTA0MGZmODYzM2FjNzBjODk2OTZkZDY5OGI3N2JiMzk1MjUiLCJfYXV0aF91c2VyX2JhY2tlbmQiOiJkamFuZ28uY29udHJpYi5hdXRoLmJhY2tlbmRzLk1vZGVsQmFja2VuZCIsIl9hdXRoX3VzZXJfaWQiOiIxIn0=", "expire_date": "2017-10-23T11:11:25.844"}}, {"model": "sessions.session", "pk": "lwwv82gea77oprsj1528s6j8pt1ujl51", "fields": {"session_data": "ODdlMmJiMTI1YzExNWNmNTI0NjEwNDk2MGM0NWI3OTNlNjcxZWI4ZDp7Il9hdXRoX3VzZXJfaGFzaCI6IjliMGRlMTA0MGZmODYzM2FjNzBjODk2OTZkZDY5OGI3N2JiMzk1MjUiLCJfYXV0aF91c2VyX2JhY2tlbmQiOiJkamFuZ28uY29udHJpYi5hdXRoLmJhY2tlbmRzLk1vZGVsQmFja2VuZCIsIl9hdXRoX3VzZXJfaWQiOiIxIn0=", "expire_date": "2017-10-25T13:00:01.026"}}, {"model": "sessions.session", "pk": "msc3r9vrr3j3hf17caoiicl6sd6667z7", "fields": {"session_data": "ODdlMmJiMTI1YzExNWNmNTI0NjEwNDk2MGM0NWI3OTNlNjcxZWI4ZDp7Il9hdXRoX3VzZXJfaGFzaCI6IjliMGRlMTA0MGZmODYzM2FjNzBjODk2OTZkZDY5OGI3N2JiMzk1MjUiLCJfYXV0aF91c2VyX2JhY2tlbmQiOiJkamFuZ28uY29udHJpYi5hdXRoLmJhY2tlbmRzLk1vZGVsQmFja2VuZCIsIl9hdXRoX3VzZXJfaWQiOiIxIn0=", "expire_date": "2017-10-04T16:12:31.135"}}, {"model": "sessions.session", "pk": "nesznrdq43tc6zycwh7e8e164rlugj6v", "fields": {"session_data": "ODdlMmJiMTI1YzExNWNmNTI0NjEwNDk2MGM0NWI3OTNlNjcxZWI4ZDp7Il9hdXRoX3VzZXJfaGFzaCI6IjliMGRlMTA0MGZmODYzM2FjNzBjODk2OTZkZDY5OGI3N2JiMzk1MjUiLCJfYXV0aF91c2VyX2JhY2tlbmQiOiJkamFuZ28uY29udHJpYi5hdXRoLmJhY2tlbmRzLk1vZGVsQmFja2VuZCIsIl9hdXRoX3VzZXJfaWQiOiIxIn0=", "expire_date": "2017-10-09T15:55:50.667"}}, {"model": "sessions.session", "pk": "ntjdi9nuvyih00dru711gu3tc5i90s1b", "fields": {"session_data": "MDYzZTI5NzNlNmZmODExMjE0OTgwNGMwMDQ3ZTI2NjVhMTU4ZDI3MDp7Il9hdXRoX3VzZXJfaGFzaCI6IjVjNDVkMjk2OGQ5OWY5NWUyMmY5OTIzYTU2OTYxODU0ODM1NWYzODEiLCJfYXV0aF91c2VyX2JhY2tlbmQiOiJkamFuZ28uY29udHJpYi5hdXRoLmJhY2tlbmRzLk1vZGVsQmFja2VuZCIsIl9hdXRoX3VzZXJfaWQiOiI5In0=", "expire_date": "2017-09-25T09:46:00.454"}}, {"model": "sessions.session", "pk": "nvffjjnu9sqblsvwwbeuyg1k02arslhq", "fields": {"session_data": "ODdlMmJiMTI1YzExNWNmNTI0NjEwNDk2MGM0NWI3OTNlNjcxZWI4ZDp7Il9hdXRoX3VzZXJfaGFzaCI6IjliMGRlMTA0MGZmODYzM2FjNzBjODk2OTZkZDY5OGI3N2JiMzk1MjUiLCJfYXV0aF91c2VyX2JhY2tlbmQiOiJkamFuZ28uY29udHJpYi5hdXRoLmJhY2tlbmRzLk1vZGVsQmFja2VuZCIsIl9hdXRoX3VzZXJfaWQiOiIxIn0=", "expire_date": "2017-10-25T13:27:56.370"}}, {"model": "sessions.session", "pk": "q21d2hkyoakwwu66y0lrxejna52ea3ku", "fields": {"session_data": "ODdlMmJiMTI1YzExNWNmNTI0NjEwNDk2MGM0NWI3OTNlNjcxZWI4ZDp7Il9hdXRoX3VzZXJfaGFzaCI6IjliMGRlMTA0MGZmODYzM2FjNzBjODk2OTZkZDY5OGI3N2JiMzk1MjUiLCJfYXV0aF91c2VyX2JhY2tlbmQiOiJkamFuZ28uY29udHJpYi5hdXRoLmJhY2tlbmRzLk1vZGVsQmFja2VuZCIsIl9hdXRoX3VzZXJfaWQiOiIxIn0=", "expire_date": "2017-09-29T11:21:59.774"}}, {"model": "sessions.session", "pk": "qyu11dsf5x2ej9qsv7frydvjqsmzqk3s", "fields": {"session_data": "YzYyY2JlZWU0ZjFlYmNiZGU3MmJiMDYzMTE4ZTliMjFkM2U4MTJlYTp7Il9hdXRoX3VzZXJfaGFzaCI6IjkxMDg5ODVmYWU0NjA0YjdjYjM2Njc4NzVkMGQ3ZjM0ZWJmOWNjNjciLCJfYXV0aF91c2VyX2JhY2tlbmQiOiJkamFuZ28uY29udHJpYi5hdXRoLmJhY2tlbmRzLk1vZGVsQmFja2VuZCIsIl9hdXRoX3VzZXJfaWQiOiIxMiJ9", "expire_date": "2017-11-13T15:18:40.028"}}, {"model": "sessions.session", "pk": "rklz0ueuunjyqf7yy26n2qvrp11xj3pd", "fields": {"session_data": "YzEzMTZlODUxYjhmMjkxOGFmMWY2YTYwNGYwNDVmMzFlZmU5ZjI2ODp7Il9hdXRoX3VzZXJfaGFzaCI6IjY1MjNkZWE4MDY4Mjg5ODhhMjU1MWJjYTY2YmU0YWU0OTZkNzBjYjQiLCJfYXV0aF91c2VyX2JhY2tlbmQiOiJkamFuZ28uY29udHJpYi5hdXRoLmJhY2tlbmRzLk1vZGVsQmFja2VuZCIsIl9hdXRoX3VzZXJfaWQiOiIxMSJ9", "expire_date": "2017-11-17T11:05:01.080"}}, {"model": "sessions.session", "pk": "smfpgur364odwdin4z452hg6sx5thzyb", "fields": {"session_data": "ODdlMmJiMTI1YzExNWNmNTI0NjEwNDk2MGM0NWI3OTNlNjcxZWI4ZDp7Il9hdXRoX3VzZXJfaGFzaCI6IjliMGRlMTA0MGZmODYzM2FjNzBjODk2OTZkZDY5OGI3N2JiMzk1MjUiLCJfYXV0aF91c2VyX2JhY2tlbmQiOiJkamFuZ28uY29udHJpYi5hdXRoLmJhY2tlbmRzLk1vZGVsQmFja2VuZCIsIl9hdXRoX3VzZXJfaWQiOiIxIn0=", "expire_date": "2017-10-11T18:02:25.302"}}, {"model": "sessions.session", "pk": "tie8ld2szdwl1554gd42qyowp5r8lpgy", "fields": {"session_data": "YzEzMTZlODUxYjhmMjkxOGFmMWY2YTYwNGYwNDVmMzFlZmU5ZjI2ODp7Il9hdXRoX3VzZXJfaGFzaCI6IjY1MjNkZWE4MDY4Mjg5ODhhMjU1MWJjYTY2YmU0YWU0OTZkNzBjYjQiLCJfYXV0aF91c2VyX2JhY2tlbmQiOiJkamFuZ28uY29udHJpYi5hdXRoLmJhY2tlbmRzLk1vZGVsQmFja2VuZCIsIl9hdXRoX3VzZXJfaWQiOiIxMSJ9", "expire_date": "2017-09-23T16:43:19.078"}}, {"model": "sessions.session", "pk": "tthk6wfos5lsod4pc81p3b5y55wmh3c8", "fields": {"session_data": "ODdlMmJiMTI1YzExNWNmNTI0NjEwNDk2MGM0NWI3OTNlNjcxZWI4ZDp7Il9hdXRoX3VzZXJfaGFzaCI6IjliMGRlMTA0MGZmODYzM2FjNzBjODk2OTZkZDY5OGI3N2JiMzk1MjUiLCJfYXV0aF91c2VyX2JhY2tlbmQiOiJkamFuZ28uY29udHJpYi5hdXRoLmJhY2tlbmRzLk1vZGVsQmFja2VuZCIsIl9hdXRoX3VzZXJfaWQiOiIxIn0=", "expire_date": "2017-10-25T11:22:51.505"}}, {"model": "sessions.session", "pk": "u8520ql5o1pltefo2tvqomng5ova3r7b", "fields": {"session_data": "MDYzZTI5NzNlNmZmODExMjE0OTgwNGMwMDQ3ZTI2NjVhMTU4ZDI3MDp7Il9hdXRoX3VzZXJfaGFzaCI6IjVjNDVkMjk2OGQ5OWY5NWUyMmY5OTIzYTU2OTYxODU0ODM1NWYzODEiLCJfYXV0aF91c2VyX2JhY2tlbmQiOiJkamFuZ28uY29udHJpYi5hdXRoLmJhY2tlbmRzLk1vZGVsQmFja2VuZCIsIl9hdXRoX3VzZXJfaWQiOiI5In0=", "expire_date": "2017-11-06T15:43:27.723"}}, {"model": "sessions.session", "pk": "uhnnkp5c2v27p6vd97an0y0g7zcg8vt7", "fields": {"session_data": "MDYzZTI5NzNlNmZmODExMjE0OTgwNGMwMDQ3ZTI2NjVhMTU4ZDI3MDp7Il9hdXRoX3VzZXJfaGFzaCI6IjVjNDVkMjk2OGQ5OWY5NWUyMmY5OTIzYTU2OTYxODU0ODM1NWYzODEiLCJfYXV0aF91c2VyX2JhY2tlbmQiOiJkamFuZ28uY29udHJpYi5hdXRoLmJhY2tlbmRzLk1vZGVsQmFja2VuZCIsIl9hdXRoX3VzZXJfaWQiOiI5In0=", "expire_date": "2017-11-30T08:45:36.551"}}, {"model": "sessions.session", "pk": "vwa5tgrsd492sv0ktrhst77kwch2fhxb", "fields": {"session_data": "ODdlMmJiMTI1YzExNWNmNTI0NjEwNDk2MGM0NWI3OTNlNjcxZWI4ZDp7Il9hdXRoX3VzZXJfaGFzaCI6IjliMGRlMTA0MGZmODYzM2FjNzBjODk2OTZkZDY5OGI3N2JiMzk1MjUiLCJfYXV0aF91c2VyX2JhY2tlbmQiOiJkamFuZ28uY29udHJpYi5hdXRoLmJhY2tlbmRzLk1vZGVsQmFja2VuZCIsIl9hdXRoX3VzZXJfaWQiOiIxIn0=", "expire_date": "2017-10-09T12:28:11.656"}}, {"model": "sessions.session", "pk": "w59r3u43vbtv3jbw1qwczn12kwlens15", "fields": {"session_data": "YzYyY2JlZWU0ZjFlYmNiZGU3MmJiMDYzMTE4ZTliMjFkM2U4MTJlYTp7Il9hdXRoX3VzZXJfaGFzaCI6IjkxMDg5ODVmYWU0NjA0YjdjYjM2Njc4NzVkMGQ3ZjM0ZWJmOWNjNjciLCJfYXV0aF91c2VyX2JhY2tlbmQiOiJkamFuZ28uY29udHJpYi5hdXRoLmJhY2tlbmRzLk1vZGVsQmFja2VuZCIsIl9hdXRoX3VzZXJfaWQiOiIxMiJ9", "expire_date": "2017-10-10T11:30:19.659"}}, {"model": "sessions.session", "pk": "w5u6dtitst2hhu4zn1ouvzrn38k1yjwh", "fields": {"session_data": "MDYzZTI5NzNlNmZmODExMjE0OTgwNGMwMDQ3ZTI2NjVhMTU4ZDI3MDp7Il9hdXRoX3VzZXJfaGFzaCI6IjVjNDVkMjk2OGQ5OWY5NWUyMmY5OTIzYTU2OTYxODU0ODM1NWYzODEiLCJfYXV0aF91c2VyX2JhY2tlbmQiOiJkamFuZ28uY29udHJpYi5hdXRoLmJhY2tlbmRzLk1vZGVsQmFja2VuZCIsIl9hdXRoX3VzZXJfaWQiOiI5In0=", "expire_date": "2017-09-23T16:53:21.180"}}, {"model": "sessions.session", "pk": "wppjt6hr6txhsqh55bsht55hb3hrz760", "fields": {"session_data": "MDYzZTI5NzNlNmZmODExMjE0OTgwNGMwMDQ3ZTI2NjVhMTU4ZDI3MDp7Il9hdXRoX3VzZXJfaGFzaCI6IjVjNDVkMjk2OGQ5OWY5NWUyMmY5OTIzYTU2OTYxODU0ODM1NWYzODEiLCJfYXV0aF91c2VyX2JhY2tlbmQiOiJkamFuZ28uY29udHJpYi5hdXRoLmJhY2tlbmRzLk1vZGVsQmFja2VuZCIsIl9hdXRoX3VzZXJfaWQiOiI5In0=", "expire_date": "2017-09-23T16:51:39.234"}}, {"model": "sessions.session", "pk": "x7hxqw118uu11sd7kauacymgud6cncbb", "fields": {"session_data": "MDYzZTI5NzNlNmZmODExMjE0OTgwNGMwMDQ3ZTI2NjVhMTU4ZDI3MDp7Il9hdXRoX3VzZXJfaGFzaCI6IjVjNDVkMjk2OGQ5OWY5NWUyMmY5OTIzYTU2OTYxODU0ODM1NWYzODEiLCJfYXV0aF91c2VyX2JhY2tlbmQiOiJkamFuZ28uY29udHJpYi5hdXRoLmJhY2tlbmRzLk1vZGVsQmFja2VuZCIsIl9hdXRoX3VzZXJfaWQiOiI5In0=", "expire_date": "2017-10-28T11:01:11.909"}}, {"model": "sessions.session", "pk": "xckubmnhaf3uh2e6b2tb9rj2uulifirx", "fields": {"session_data": "MWNkMWVhMWM1ZmQxNmYxOTU0ZmQwYTMxZmM5OTAzYzg3OTUzOTVkNzp7Il9hdXRoX3VzZXJfaGFzaCI6IjNjYzNmMzM5OTY4OTkxM2M5ZmUyNGVhZTYxM2Y3Njc4YzBjNGEyZWQiLCJfYXV0aF91c2VyX2JhY2tlbmQiOiJkamFuZ28uY29udHJpYi5hdXRoLmJhY2tlbmRzLk1vZGVsQmFja2VuZCIsIl9hdXRoX3VzZXJfaWQiOiIxMCJ9", "expire_date": "2017-11-21T10:53:33.794"}}, {"model": "empresa.ciudad", "pk": 1, "fields": {"nombre": "Bogota", "status": true}}, {"model": "empresa.ciudad", "pk": 2, "fields": {"nombre": "Cartagena", "status": true}}, {"model": "empresa.empresa", "pk": 2, "fields": {"nit": "9005318166", "logo": "", "telefono": null, "celular": null, "direccion": "Cr58 #17 a 16 sur Barrio Milenta", "ciudad": 1, "active": true, "groups": [], "user_permissions": []}}, {"model": "empresa.empresa", "pk": 3, "fields": {"nit": "8600254610", "logo": "", "telefono": null, "celular": null, "direccion": "Calle 24 f 94 51", "ciudad": 1, "active": true, "groups": [], "user_permissions": []}}, {"model": "empresa.supervisor", "pk": 12, "fields": {"telefono": null, "identificacion": "091209120912", "celular": "3002807192", "direccion": "Cartagena", "active": true, "groups": [], "user_permissions": [], "ciudad": [1, 2], "empresas": [2, 3]}}, {"model": "empresa.tienda", "pk": 1, "fields": {"empresa": 3, "ciudad": 2, "nombre": "Kokorico Cartagena", "referencia": "Cerca del Aeropuerto", "direccion": "Esquina con Carrera 3, Cl. 70 #1D - 11", "fijo": null, "celular": null, "status": true}}, {"model": "operacion.diasemana", "pk": 1, "fields": {"nombre": "Lunes", "valor": 1, "estado": true}}, {"model": "operacion.diasemana", "pk": 2, "fields": {"nombre": "Martes", "valor": 2, "estado": true}}, {"model": "operacion.diasemana", "pk": 3, "fields": {"nombre": "Miercoles", "valor": 3, "estado": true}}, {"model": "operacion.diasemana", "pk": 4, "fields": {"nombre": "Jueves", "valor": 4, "estado": true}}, {"model": "operacion.diasemana", "pk": 5, "fields": {"nombre": "Viernes", "valor": 5, "estado": true}}, {"model": "operacion.diasemana", "pk": 6, "fields": {"nombre": "Sabado", "valor": 6, "estado": true}}, {"model": "operacion.diasemana", "pk": 7, "fields": {"nombre": "Domingo", "valor": 7, "estado": true}}, {"model": "operacion.diasemana", "pk": 8, "fields": {"nombre": "Festivo", "valor": 8, "estado": true}}, {"model": "operacion.configuracion", "pk": 1, "fields": {"empresa": 3, "ciudad": 2, "valor": 5100.0, "inicio": "00:00:00", "fin": "23:59:59", "estado": true, "dias": [1, 2, 3, 4, 5, 6]}}, {"model": "operacion.configuracion", "pk": 2, "fields": {"empresa": 3, "ciudad": 2, "valor": 5400.0, "inicio": "00:00:00", "fin": "23:59:59", "estado": true, "dias": [7, 8]}}, {"model": "operacion.pagolabor", "pk": 407, "fields": {"labor": 6, "ini": "2017-09-11 10:57:05.846", "fin": "2017-09-11 16:47:45.12", "precio": 5100.0, "hora": 5.843965}}, {"model": "operacion.pagolabor", "pk": 408, "fields": {"labor": 7, "ini": "2017-09-11 16:49:26", "fin": "2017-09-11 20:00:03", "precio": 5100.0, "hora": 3.17666666666667}}, {"model": "operacion.pagolabor", "pk": 409, "fields": {"labor": 9, "ini": "2017-09-12 10:52:38.182", "fin": "2017-09-12 17:30:26.122", "precio": 5100.0, "hora": 6.62970555555556}}, {"model": "operacion.pagolabor", "pk": 410, "fields": {"labor": 10, "ini": "2017-09-12 18:10:25.45", "fin": "2017-09-12 21:51:26.066", "precio": 5100.0, "hora": 3.68322666666667}}, {"model": "operacion.pagolabor", "pk": 411, "fields": {"labor": 11, "ini": "2017-09-13 10:58:24.069", "fin": "2017-09-13 21:34:20.863", "precio": 5100.0, "hora": 10.5988316666667}}, {"model": "operacion.pagolabor", "pk": 412, "fields": {"labor": 12, "ini": "2017-09-14 11:03:01.746", "fin": "2017-09-14 17:50:15.03", "precio": 5100.0, "hora": 6.78674555555556}}, {"model": "operacion.pagolabor", "pk": 413, "fields": {"labor": 13, "ini": "2017-09-14 18:59:50", "fin": "2017-09-14 20:00:01", "precio": 5100.0, "hora": 1.00277777777778}}, {"model": "operacion.pagolabor", "pk": 414, "fields": {"labor": 14, "ini": "2017-09-15 11:01:13.096", "fin": "2017-09-15 15:07:52.307", "precio": 5100.0, "hora": 4.11061416666667}}, {"model": "operacion.pagolabor", "pk": 415, "fields": {"labor": 15, "ini": "2017-09-15 16:05:56.73", "fin": "2017-09-15 21:00:10.67", "precio": 5100.0, "hora": 4.90359444444444}}, {"model": "operacion.pagolabor", "pk": 416, "fields": {"labor": 16, "ini": "2017-09-16 10:52:22.166", "fin": "2017-09-16 21:18:01.119", "precio": 5100.0, "hora": 10.4272091666667}}, {"model": "operacion.pagolabor", "pk": 417, "fields": {"labor": 17, "ini": "2017-09-16 11:59:24.446", "fin": "2017-09-16 14:55:23.207", "precio": 5100.0, "hora": 2.93271138888889}}, {"model": "operacion.pagolabor", "pk": 418, "fields": {"labor": 18, "ini": "2017-09-16 16:25:44.964", "fin": "2017-09-16 20:55:37.092", "precio": 5100.0, "hora": 4.49753555555556}}, {"model": "operacion.pagolabor", "pk": 419, "fields": {"labor": 19, "ini": "2017-09-17 11:01:31.209", "fin": "2017-09-17 13:44:58.173", "precio": 5400.0, "hora": 2.72387888888889}}, {"model": "operacion.pagolabor", "pk": 420, "fields": {"labor": 20, "ini": "2017-09-17 12:51:34.835", "fin": "2017-09-17 14:56:57.328", "precio": 5400.0, "hora": 2.08930361111111}}, {"model": "operacion.pagolabor", "pk": 421, "fields": {"labor": 21, "ini": "2017-09-17 14:07:54.429", "fin": "2017-09-17 21:39:55.571", "precio": 5400.0, "hora": 7.53337277777778}}, {"model": "operacion.pagolabor", "pk": 422, "fields": {"labor": 22, "ini": "2017-09-17 14:57:26.208", "fin": "2017-09-17 20:32:08.253", "precio": 5400.0, "hora": 5.57806805555555}}, {"model": "operacion.pagolabor", "pk": 423, "fields": {"labor": 23, "ini": "2017-09-18 11:32:25.533", "fin": "2017-09-18 15:00:19.76", "precio": 5100.0, "hora": 3.46478527777778}}, {"model": "operacion.pagolabor", "pk": 424, "fields": {"labor": 24, "ini": "2017-09-18 16:10:55.416", "fin": "2017-09-18 22:08:06.926", "precio": 5100.0, "hora": 5.95291944444445}}, {"model": "operacion.pagolabor", "pk": 425, "fields": {"labor": 25, "ini": "2017-09-19 10:49:56.956", "fin": "2017-09-19 21:02:17.922", "precio": 5100.0, "hora": 10.2055461111111}}, {"model": "operacion.pagolabor", "pk": 426, "fields": {"labor": 26, "ini": "2017-09-20 11:33:26.495", "fin": "2017-09-20 21:10:34.673", "precio": 5100.0, "hora": 9.61866055555555}}, {"model": "operacion.pagolabor", "pk": 427, "fields": {"labor": 27, "ini": "2017-09-21 10:50:06.098", "fin": "2017-09-21 21:21:38.056", "precio": 5100.0, "hora": 10.5252661111111}}, {"model": "operacion.pagolabor", "pk": 428, "fields": {"labor": 28, "ini": "2017-09-22 10:51:28.163", "fin": "2017-09-22 21:07:42.597", "precio": 5100.0, "hora": 10.2703983333333}}, {"model": "operacion.pagolabor", "pk": 429, "fields": {"labor": 29, "ini": "2017-09-23 10:50:50", "fin": "2017-09-23 21:00:48", "precio": 5100.0, "hora": 10.1658333333333}}, {"model": "operacion.pagolabor", "pk": 430, "fields": {"labor": 30, "ini": "2017-09-23 11:59:36.95", "fin": "2017-09-23 20:03:04.08", "precio": 5100.0, "hora": 8.05725833333334}}, {"model": "operacion.pagolabor", "pk": 431, "fields": {"labor": 31, "ini": "2017-09-24 10:50:35.64", "fin": "2017-09-24 21:02:16.514", "precio": 5400.0, "hora": 10.1944094444444}}, {"model": "operacion.pagolabor", "pk": 432, "fields": {"labor": 32, "ini": "2017-09-24 12:43:24.713", "fin": "2017-09-24 20:30:41.722", "precio": 5400.0, "hora": 7.78778027777778}}, {"model": "operacion.pagolabor", "pk": 433, "fields": {"labor": 33, "ini": "2017-09-25 11:16:07.854", "fin": "2017-09-25 21:01:47.001", "precio": 5100.0, "hora": 9.76059638888889}}, {"model": "operacion.pagolabor", "pk": 434, "fields": {"labor": 35, "ini": "2017-09-28 11:06:01", "fin": "2017-09-28 21:01:02", "precio": 5100.0, "hora": 9.91666666666667}}, {"model": "operacion.pagolabor", "pk": 435, "fields": {"labor": 37, "ini": "2017-09-29 12:02:45.107", "fin": "2017-09-29 13:37:07.402", "precio": 5100.0, "hora": 1.57258194444444}}, {"model": "operacion.pagolabor", "pk": 436, "fields": {"labor": 38, "ini": "2017-09-29 13:37:19.025", "fin": "2017-09-29 21:15:53.197", "precio": 5100.0, "hora": 7.64254777777778}}, {"model": "operacion.pagolabor", "pk": 437, "fields": {"labor": 42, "ini": "2017-10-01 10:55:32.72", "fin": "2017-10-01 21:18:31.788", "precio": 5400.0, "hora": 10.3827966666667}}, {"model": "operacion.pagolabor", "pk": 438, "fields": {"labor": 43, "ini": "2017-10-01 11:52:51.89", "fin": "2017-10-01 20:14:33.624", "precio": 5400.0, "hora": 8.361315}}, {"model": "operacion.pagolabor", "pk": 439, "fields": {"labor": 44, "ini": "2017-10-02 11:08:54.975", "fin": "2017-10-02 21:38:08.602", "precio": 5100.0, "hora": 10.4868408333333}}, {"model": "operacion.pagolabor", "pk": 440, "fields": {"labor": 47, "ini": "2017-10-05 10:55:43.571", "fin": "2017-10-05 21:17:54.386", "precio": 5100.0, "hora": 10.3693930555556}}, {"model": "operacion.pagolabor", "pk": 441, "fields": {"labor": 48, "ini": "2017-10-06 11:15:12.858", "fin": "2017-10-06 21:20:22.503", "precio": 5100.0, "hora": 10.0857347222222}}, {"model": "operacion.pagolabor", "pk": 442, "fields": {"labor": 49, "ini": "2017-10-07 10:56:47.861", "fin": "2017-10-07 20:58:59.304", "precio": 5100.0, "hora": 10.0362341666667}}, {"model": "operacion.pagolabor", "pk": 443, "fields": {"labor": 50, "ini": "2017-10-07 12:00:33.245", "fin": "2017-10-07 20:05:30.68", "precio": 5100.0, "hora": 8.08234305555555}}, {"model": "operacion.pagolabor", "pk": 444, "fields": {"labor": 51, "ini": "2017-10-08 10:57:32.142", "fin": "2017-10-08 21:09:51.601", "precio": 5400.0, "hora": 10.2051275}}, {"model": "operacion.pagolabor", "pk": 445, "fields": {"labor": 52, "ini": "2017-10-08 11:59:50.887", "fin": "2017-10-08 21:10:24.559", "precio": 5400.0, "hora": 9.17574222222222}}, {"model": "operacion.pagolabor", "pk": 446, "fields": {"labor": 53, "ini": "2017-10-09 11:34:23.465", "fin": "2017-10-09 20:57:28.213", "precio": 5100.0, "hora": 9.38437444444445}}, {"model": "operacion.pagolabor", "pk": 447, "fields": {"labor": 54, "ini": "2017-10-10 11:25:31.318", "fin": "2017-10-10 21:37:38.208", "precio": 5100.0, "hora": 10.2016361111111}}, {"model": "operacion.pagolabor", "pk": 448, "fields": {"labor": 55, "ini": "2017-10-11 10:58:58.977", "fin": "2017-10-11 21:28:04.899527", "precio": 5100.0, "hora": 10.4847007019444}}, {"model": "operacion.pagolabor", "pk": 449, "fields": {"labor": 39, "ini": "2017-09-30 10:55:25", "fin": "2017-09-30 21:00:01", "precio": 5100.0, "hora": 10.0763888888889}}, {"model": "operacion.pagolabor", "pk": 450, "fields": {"labor": 41, "ini": "2017-09-30 12:00:00", "fin": "2017-09-30 20:30:01", "precio": 5100.0, "hora": 8.5}}, {"model": "operacion.pagolabor", "pk": 451, "fields": {"labor": 34, "ini": "2017-09-26 10:52:29", "fin": "2017-09-26 21:00:01", "precio": 5100.0, "hora": 10.1252777777778}}, {"model": "operacion.pagolabor", "pk": 452, "fields": {"labor": 57, "ini": "2017-09-27 11:20:00", "fin": "2017-09-27 21:15:01", "precio": 5100.0, "hora": 9.91666666666667}}, {"model": "operacion.pagolabor", "pk": 453, "fields": {"labor": 56, "ini": "2017-10-12 06:02:28.623355", "fin": "2017-10-12 16:28:20.283702", "precio": 5100.0, "hora": 10.4307389852778}}, {"model": "operacion.pagolabor", "pk": 455, "fields": {"labor": 59, "ini": "2017-10-13 07:00:43.457592", "fin": "2017-10-13 07:01:05.868117", "precio": 5100.0, "hora": 0.00594736805555638}}, {"model": "operacion.pagolabor", "pk": 460, "fields": {"labor": 60, "ini": "2017-10-13 07:01:14.84321", "fin": "2017-10-13 07:01:41.754102", "precio": 5100.0, "hora": 0.00719746999999997}}, {"model": "operacion.pagolabor", "pk": 462, "fields": {"labor": 61, "ini": "2017-10-13 07:02:15.947869", "fin": "2017-10-13 09:31:24.736618", "precio": 5100.0, "hora": 2.48549687472222}}, {"model": "operacion.pagolabor", "pk": 467, "fields": {"labor": 62, "ini": "2017-10-13 09:31:34.971069", "fin": "2017-10-13 14:54:45.539027", "precio": 5100.0, "hora": 5.38599109944444}}, {"model": "operacion.pagolabor", "pk": 468, "fields": {"labor": 58, "ini": "2017-10-13 06:46:15.476899", "fin": "2017-10-13 17:13:09.25363", "precio": 5100.0, "hora": 10.4479935363889}}, {"model": "operacion.pagolabor", "pk": 470, "fields": {"labor": 64, "ini": "2017-10-14 06:39:34.575752", "fin": "2017-10-14 15:01:28.13256", "precio": 5100.0, "hora": 8.36459911333333}}, {"model": "operacion.pagolabor", "pk": 474, "fields": {"labor": 63, "ini": "2017-10-14 06:08:13.533769", "fin": "2017-10-14 15:56:01.498191", "precio": 5100.0, "hora": 9.79637900611111}}, {"model": "operacion.pagolabor", "pk": 475, "fields": {"labor": 66, "ini": "2017-10-15 06:49:03.05017", "fin": "2017-10-15 15:30:40.885432", "precio": 5400.0, "hora": 8.69356535055556}}, {"model": "operacion.pagolabor", "pk": 476, "fields": {"labor": 65, "ini": "2017-10-15 05:51:58.691555", "fin": "2017-10-15 15:59:11.17726", "precio": 5400.0, "hora": 10.1198571402778}}, {"model": "operacion.pagolabor", "pk": 478, "fields": {"labor": 68, "ini": "2017-10-16 06:56:25.369188", "fin": "2017-10-16 15:05:24.310044", "precio": 5100.0, "hora": 8.14942801555556}}, {"model": "operacion.pagolabor", "pk": 482, "fields": {"labor": 67, "ini": "2017-10-16 05:58:46.835457", "fin": "2017-10-16 16:11:57.123538", "precio": 5100.0, "hora": 10.2192466891667}}, {"model": "operacion.pagolabor", "pk": 483, "fields": {"labor": 69, "ini": "2017-10-17 06:06:08.557952", "fin": "2017-10-17 16:48:14.26322", "precio": 5100.0, "hora": 10.7013070188889}}, {"model": "operacion.pagolabor", "pk": 484, "fields": {"labor": 70, "ini": "2017-10-18 06:02:24.20282", "fin": "2017-10-18 16:40:39.649263", "precio": 5100.0, "hora": 10.6373462341667}}, {"model": "operacion.pagolabor", "pk": 485, "fields": {"labor": 71, "ini": "2017-10-19 06:14:16.847732", "fin": "2017-10-19 16:25:23.292903", "precio": 5100.0, "hora": 10.1848458808333}}, {"model": "operacion.pagolabor", "pk": 486, "fields": {"labor": 72, "ini": "2017-10-20 05:59:42.46017", "fin": "2017-10-20 16:00:24.699265", "precio": 5100.0, "hora": 10.0114553041667}}, {"model": "operacion.pagolabor", "pk": 487, "fields": {"labor": 74, "ini": "2017-10-21 06:53:51.382973", "fin": "2017-10-21 15:02:01.894348", "precio": 5100.0, "hora": 8.13597538194444}}, {"model": "operacion.pagolabor", "pk": 489, "fields": {"labor": 73, "ini": "2017-10-21 05:45:59.973572", "fin": "2017-10-21 16:16:21.845938", "precio": 5100.0, "hora": 10.5057978794444}}, {"model": "operacion.pagolabor", "pk": 491, "fields": {"labor": 76, "ini": "2017-10-22 06:54:06.955733", "fin": "2017-10-22 15:48:12.312257", "precio": 5400.0, "hora": 8.90121014555556}}, {"model": "operacion.pagolabor", "pk": 495, "fields": {"labor": 75, "ini": "2017-10-22 05:53:54.106848", "fin": "2017-10-22 16:46:17.061124", "precio": 5400.0, "hora": 10.8727650766667}}, {"model": "operacion.pagolabor", "pk": 496, "fields": {"labor": 77, "ini": "2017-10-23 07:45:18.220411", "fin": "2017-10-23 16:33:41.615222", "precio": 5100.0, "hora": 8.80622078083333}}, {"model": "operacion.pagolabor", "pk": 497, "fields": {"labor": 78, "ini": "2017-10-24 06:05:59.391566", "fin": "2017-10-24 16:15:10.319799", "precio": 5100.0, "hora": 10.1527578425}}, {"model": "operacion.pagolabor", "pk": 499, "fields": {"labor": 79, "ini": "2017-10-25 05:44:32.644778", "fin": "2017-10-25 16:51:31.656417", "precio": 5100.0, "hora": 11.1161143441667}}, {"model": "operacion.pagolabor", "pk": 500, "fields": {"labor": 80, "ini": "2017-10-26 06:03:19.375221", "fin": "2017-10-26 16:02:15.28347", "precio": 5100.0, "hora": 9.98191895805556}}, {"model": "operacion.pagolabor", "pk": 501, "fields": {"labor": 82, "ini": "2017-10-27 07:50:17.228582", "fin": "2017-10-27 15:02:34.585546", "precio": 5100.0, "hora": 7.20454360111111}}, {"model": "operacion.pagolabor", "pk": 502, "fields": {"labor": 81, "ini": "2017-10-27 06:00:16.893269", "fin": "2017-10-27 15:59:58.839403", "precio": 5100.0, "hora": 9.99470725944444}}, {"model": "operacion.pagolabor", "pk": 504, "fields": {"labor": 84, "ini": "2017-10-28 07:46:58.807181", "fin": "2017-10-28 09:13:07.390714", "precio": 5100.0, "hora": 1.43543987027778}}, {"model": "operacion.pagolabor", "pk": 505, "fields": {"labor": 87, "ini": "2017-10-29 06:54:09.351392", "fin": "2017-10-29 15:08:23.552386", "precio": 5400.0, "hora": 8.23700027611111}}, {"model": "operacion.pagolabor", "pk": 506, "fields": {"labor": 86, "ini": "2017-10-29 05:43:32.620577", "fin": "2017-10-29 16:41:57.231283", "precio": 5400.0, "hora": 10.9732251961111}}, {"model": "operacion.pagolabor", "pk": 507, "fields": {"labor": 83, "ini": "2017-10-28 05:59:46", "fin": "2017-10-28 17:00:01", "precio": 5100.0, "hora": 11.0038888888889}}, {"model": "operacion.pagolabor", "pk": 508, "fields": {"labor": 88, "ini": "2017-10-30 05:57:10.468992", "fin": "2017-10-30 16:30:44.025053", "precio": 5100.0, "hora": 10.5590433502778}}, {"model": "operacion.pagolabor", "pk": 509, "fields": {"labor": 90, "ini": "2017-11-01 06:13:19.157691", "fin": "2017-11-01 16:25:14.299137", "precio": 5100.0, "hora": 10.1983726238889}}, {"model": "operacion.pagolabor", "pk": 511, "fields": {"labor": 93, "ini": "2017-11-08 07:07:51.582724", "fin": "2017-11-08 16:15:15.659558", "precio": 5100.0, "hora": 9.12307689833333}}, {"model": "operacion.pagolabor", "pk": 512, "fields": {"labor": 94, "ini": "2017-11-09 05:55:57.683779", "fin": "2017-11-09 16:32:26.724238", "precio": 5100.0, "hora": 10.6077890163889}}, {"model": "operacion.pagolabor", "pk": 514, "fields": {"labor": 95, "ini": "2017-11-10 05:56:42.799603", "fin": "2017-11-10 14:51:27.129693", "precio": 5100.0, "hora": 8.91203613611111}}, {"model": "operacion.pagolabor", "pk": 515, "fields": {"labor": 96, "ini": "2017-11-10 06:26:21.682893", "fin": "2017-11-10 16:26:53.435925", "precio": 5100.0, "hora": 10.0085425088889}}, {"model": "operacion.pagolabor", "pk": 518, "fields": {"labor": 89, "ini": "2017-10-31 06:25:33", "fin": "2017-10-31 16:00:01", "precio": 5100.0, "hora": 9.57416666666667}}, {"model": "operacion.pagolabor", "pk": 519, "fields": {"labor": 92, "ini": "2017-11-07 07:14:01", "fin": "2017-11-07 16:30:01", "precio": 5100.0, "hora": 9.26638888888889}}, {"model": "usuario.documento", "pk": 1, "fields": {"nombre": "Cedula", "descripcion": "Cedula de ciudadan\u00eda", "estado": true}}, {"model": "usuario.usuario", "pk": 4, "fields": {"documento": 1, "identificacion": "9290600", "telefono_fijo": "", "telefono_celular": "3205049120", "estado": true, "groups": [], "user_permissions": []}}, {"model": "usuario.usuario", "pk": 5, "fields": {"documento": 1, "identificacion": "73228943", "telefono_fijo": "", "telefono_celular": "3234498405", "estado": true, "groups": [], "user_permissions": []}}, {"model": "usuario.usuario", "pk": 6, "fields": {"documento": 1, "identificacion": "73156887", "telefono_fijo": "", "telefono_celular": "3188518790", "estado": true, "groups": [], "user_permissions": []}}, {"model": "usuario.usuario", "pk": 7, "fields": {"documento": 1, "identificacion": "1235038074", "telefono_fijo": "", "telefono_celular": "3006463511", "estado": true, "groups": [], "user_permissions": []}}, {"model": "usuario.usuario", "pk": 8, "fields": {"documento": 1, "identificacion": "72199786", "telefono_fijo": "", "telefono_celular": "3174734195", "estado": true, "groups": [], "user_permissions": []}}, {"model": "usuario.usuario", "pk": 9, "fields": {"documento": 1, "identificacion": "10001", "telefono_fijo": "", "telefono_celular": "3006818611", "estado": true, "groups": [], "user_permissions": []}}, {"model": "usuario.usuario", "pk": 10, "fields": {"documento": 1, "identificacion": "10002", "telefono_fijo": "", "telefono_celular": "3006818611", "estado": true, "groups": [], "user_permissions": []}}, {"model": "usuario.usuario", "pk": 11, "fields": {"documento": 1, "identificacion": "10003", "telefono_fijo": "", "telefono_celular": "3006818611", "estado": true, "groups": [], "user_permissions": []}}, {"model": "usuario.empleado", "pk": 4, "fields": {"tienda": 1, "direccion": "Cartagena", "fecha_nacimiento": null, "foto": "", "groups": [], "user_permissions": []}}, {"model": "usuario.empleado", "pk": 5, "fields": {"tienda": 1, "direccion": "Cartagena", "fecha_nacimiento": null, "foto": "", "groups": [], "user_permissions": []}}, {"model": "usuario.empleado", "pk": 6, "fields": {"tienda": 1, "direccion": "Cartagena", "fecha_nacimiento": null, "foto": "", "groups": [], "user_permissions": []}}, {"model": "usuario.empleado", "pk": 7, "fields": {"tienda": 1, "direccion": "Cartagena", "fecha_nacimiento": null, "foto": "", "groups": [], "user_permissions": []}}, {"model": "usuario.empleado", "pk": 8, "fields": {"tienda": 1, "direccion": "Cartagena", "fecha_nacimiento": null, "foto": "", "groups": [], "user_permissions": []}}, {"model": "usuario.administrador", "pk": 9, "fields": {"tienda": 1, "direccion": null, "fecha_nacimiento": null, "foto": "", "groups": [], "user_permissions": []}}, {"model": "usuario.administrador", "pk": 10, "fields": {"tienda": 1, "direccion": null, "fecha_nacimiento": null, "foto": "", "groups": [], "user_permissions": []}}, {"model": "usuario.administrador", "pk": 11, "fields": {"tienda": 1, "direccion": null, "fecha_nacimiento": null, "foto": "", "groups": [], "user_permissions": []}}, {"model": "motorizado.infomoto", "pk": 1, "fields": {"empleado": 4, "licencia": "9290600", "identifier": null, "numeroS": "9290600", "fecha_expedicionS": "2017-06-22", "fecha_expiracionS": "2018-06-22", "numeroT": "9290600", "fecha_expedicionT": "2018-09-08", "fecha_expiracionT": "2017-05-05", "tipo": "100", "marca": "ECO", "placa": "ZBQ22A", "t_propiedad": "9290600", "estado": true}}, {"model": "motorizado.infomoto", "pk": 2, "fields": {"empleado": 5, "licencia": "73228943", "identifier": null, "numeroS": "73228943", "fecha_expedicionS": "2017-03-08", "fecha_expiracionS": "2018-03-08", "numeroT": "73228943", "fecha_expedicionT": "2017-03-08", "fecha_expiracionT": "2018-03-08", "tipo": "100", "marca": "BOXER", "placa": "YWE23C", "t_propiedad": "73228943", "estado": true}}, {"model": "motorizado.infomoto", "pk": 3, "fields": {"empleado": 6, "licencia": "73156887", "identifier": null, "numeroS": "73156887", "fecha_expedicionS": "2016-12-29", "fecha_expiracionS": "2017-12-29", "numeroT": "73156887", "fecha_expedicionT": "2017-04-01", "fecha_expiracionT": "2018-04-01", "tipo": "100", "marca": "DISCOVERY", "placa": "RNY73C", "t_propiedad": "73156887", "estado": true}}, {"model": "motorizado.infomoto", "pk": 4, "fields": {"empleado": 8, "licencia": "10009090099", "identifier": null, "numeroS": "12121212091", "fecha_expedicionS": "2016-12-24", "fecha_expiracionS": "2017-12-24", "numeroT": "324324234234", "fecha_expedicionT": "2016-12-24", "fecha_expiracionT": "2017-12-24", "tipo": "100", "marca": "Honda", "placa": "QWE89A", "t_propiedad": "13123123123", "estado": true}}, {"model": "motorizado.infomoto", "pk": 5, "fields": {"empleado": 7, "licencia": "131312313", "identifier": null, "numeroS": "435345345345344", "fecha_expedicionS": "2016-12-24", "fecha_expiracionS": "2017-12-24", "numeroT": "223424234324", "fecha_expedicionT": "2016-12-24", "fecha_expiracionT": "2017-12-24", "tipo": "100", "marca": "boxer", "placa": "IOP98K", "t_propiedad": "233432423423", "estado": true}}, {"model": "operacion.labor", "pk": 6, "fields": {"empleado": 4, "ini": "2017-09-11T10:57:05.846", "fin": "2017-09-11T16:47:44.120", "estado": true, "cerrado": true}}, {"model": "operacion.labor", "pk": 7, "fields": {"empleado": 4, "ini": "2017-09-11T16:49:26", "fin": "2017-09-11T20:00:02", "estado": true, "cerrado": true}}, {"model": "operacion.labor", "pk": 9, "fields": {"empleado": 4, "ini": "2017-09-12T10:52:38.182", "fin": "2017-09-12T17:30:25.122", "estado": true, "cerrado": true}}, {"model": "operacion.labor", "pk": 10, "fields": {"empleado": 4, "ini": "2017-09-12T18:10:25.450", "fin": "2017-09-12T21:51:25.066", "estado": true, "cerrado": true}}, {"model": "operacion.labor", "pk": 11, "fields": {"empleado": 4, "ini": "2017-09-13T10:58:24.069", "fin": "2017-09-13T21:34:19.863", "estado": true, "cerrado": true}}, {"model": "operacion.labor", "pk": 12, "fields": {"empleado": 4, "ini": "2017-09-14T11:03:01.746", "fin": "2017-09-14T17:50:14.030", "estado": true, "cerrado": true}}, {"model": "operacion.labor", "pk": 13, "fields": {"empleado": 4, "ini": "2017-09-14T18:59:50", "fin": "2017-09-15T20:00:00", "estado": true, "cerrado": true}}, {"model": "operacion.labor", "pk": 14, "fields": {"empleado": 5, "ini": "2017-09-15T11:01:13.096", "fin": "2017-09-15T15:07:51.307", "estado": true, "cerrado": true}}, {"model": "operacion.labor", "pk": 15, "fields": {"empleado": 5, "ini": "2017-09-15T16:05:56.730", "fin": "2017-09-15T21:00:09.670", "estado": true, "cerrado": true}}, {"model": "operacion.labor", "pk": 16, "fields": {"empleado": 4, "ini": "2017-09-16T10:52:22.166", "fin": "2017-09-16T21:18:00.119", "estado": true, "cerrado": true}}, {"model": "operacion.labor", "pk": 17, "fields": {"empleado": 5, "ini": "2017-09-16T11:59:24.446", "fin": "2017-09-16T14:55:22.207", "estado": true, "cerrado": true}}, {"model": "operacion.labor", "pk": 18, "fields": {"empleado": 5, "ini": "2017-09-16T16:25:44.964", "fin": "2017-09-16T20:55:36.092", "estado": true, "cerrado": true}}, {"model": "operacion.labor", "pk": 19, "fields": {"empleado": 5, "ini": "2017-09-17T11:01:31.209", "fin": "2017-09-17T13:44:57.173", "estado": true, "cerrado": true}}, {"model": "operacion.labor", "pk": 20, "fields": {"empleado": 4, "ini": "2017-09-17T12:51:34.835", "fin": "2017-09-17T14:56:56.328", "estado": true, "cerrado": true}}, {"model": "operacion.labor", "pk": 21, "fields": {"empleado": 5, "ini": "2017-09-17T14:07:54.429", "fin": "2017-09-17T21:39:54.571", "estado": true, "cerrado": true}}, {"model": "operacion.labor", "pk": 22, "fields": {"empleado": 4, "ini": "2017-09-17T14:57:26.208", "fin": "2017-09-17T20:32:07.253", "estado": true, "cerrado": true}}, {"model": "operacion.labor", "pk": 23, "fields": {"empleado": 4, "ini": "2017-09-18T11:32:25.533", "fin": "2017-09-18T15:00:18.760", "estado": true, "cerrado": true}}, {"model": "operacion.labor", "pk": 24, "fields": {"empleado": 4, "ini": "2017-09-18T16:10:55.416", "fin": "2017-09-18T22:08:05.926", "estado": true, "cerrado": true}}, {"model": "operacion.labor", "pk": 25, "fields": {"empleado": 4, "ini": "2017-09-19T10:49:56.956", "fin": "2017-09-19T21:02:16.922", "estado": true, "cerrado": true}}, {"model": "operacion.labor", "pk": 26, "fields": {"empleado": 4, "ini": "2017-09-20T11:33:26.495", "fin": "2017-09-20T21:10:33.673", "estado": true, "cerrado": true}}, {"model": "operacion.labor", "pk": 27, "fields": {"empleado": 4, "ini": "2017-09-21T10:50:06.098", "fin": "2017-09-21T21:21:37.056", "estado": true, "cerrado": true}}, {"model": "operacion.labor", "pk": 28, "fields": {"empleado": 5, "ini": "2017-09-22T10:51:28.163", "fin": "2017-09-22T21:07:41.597", "estado": true, "cerrado": true}}, {"model": "operacion.labor", "pk": 29, "fields": {"empleado": 4, "ini": "2017-09-23T10:50:50", "fin": "2017-09-23T21:00:47", "estado": true, "cerrado": true}}, {"model": "operacion.labor", "pk": 30, "fields": {"empleado": 5, "ini": "2017-09-23T11:59:36.950", "fin": "2017-09-23T20:03:03.080", "estado": true, "cerrado": true}}, {"model": "operacion.labor", "pk": 31, "fields": {"empleado": 5, "ini": "2017-09-24T10:50:35.640", "fin": "2017-09-24T21:02:15.514", "estado": true, "cerrado": true}}, {"model": "operacion.labor", "pk": 32, "fields": {"empleado": 7, "ini": "2017-09-24T12:43:24.713", "fin": "2017-09-24T20:30:40.722", "estado": true, "cerrado": true}}, {"model": "operacion.labor", "pk": 33, "fields": {"empleado": 4, "ini": "2017-09-25T11:16:07.854", "fin": "2017-09-25T21:01:46.001", "estado": true, "cerrado": true}}, {"model": "operacion.labor", "pk": 34, "fields": {"empleado": 4, "ini": "2017-09-26T10:52:29", "fin": "2017-09-26T21:00:00", "estado": true, "cerrado": true}}, {"model": "operacion.labor", "pk": 35, "fields": {"empleado": 4, "ini": "2017-09-28T11:06:01", "fin": "2017-09-28T21:01:01", "estado": true, "cerrado": true}}, {"model": "operacion.labor", "pk": 37, "fields": {"empleado": 6, "ini": "2017-09-29T12:02:45.107", "fin": "2017-09-29T13:37:06.402", "estado": true, "cerrado": true}}, {"model": "operacion.labor", "pk": 38, "fields": {"empleado": 6, "ini": "2017-09-29T13:37:19.025", "fin": "2017-09-29T21:15:52.197", "estado": true, "cerrado": true}}, {"model": "operacion.labor", "pk": 39, "fields": {"empleado": 4, "ini": "2017-09-30T10:55:25", "fin": "2017-09-30T21:00:00", "estado": true, "cerrado": true}}, {"model": "operacion.labor", "pk": 41, "fields": {"empleado": 5, "ini": "2017-09-30T12:00:00", "fin": "2017-09-30T20:30:00", "estado": true, "cerrado": true}}, {"model": "operacion.labor", "pk": 42, "fields": {"empleado": 5, "ini": "2017-10-01T10:55:32.720", "fin": "2017-10-01T21:18:30.788", "estado": true, "cerrado": true}}, {"model": "operacion.labor", "pk": 43, "fields": {"empleado": 7, "ini": "2017-10-01T11:52:51.890", "fin": "2017-10-01T20:14:32.624", "estado": true, "cerrado": true}}, {"model": "operacion.labor", "pk": 44, "fields": {"empleado": 4, "ini": "2017-10-02T11:08:54.975", "fin": "2017-10-02T21:38:07.602", "estado": true, "cerrado": true}}, {"model": "operacion.labor", "pk": 47, "fields": {"empleado": 4, "ini": "2017-10-05T10:55:43.571", "fin": "2017-10-05T21:17:53.386", "estado": true, "cerrado": true}}, {"model": "operacion.labor", "pk": 48, "fields": {"empleado": 4, "ini": "2017-10-06T11:15:12.858", "fin": "2017-10-06T21:20:21.503", "estado": true, "cerrado": true}}, {"model": "operacion.labor", "pk": 49, "fields": {"empleado": 4, "ini": "2017-10-07T10:56:47.861", "fin": "2017-10-07T20:58:58.304", "estado": true, "cerrado": true}}, {"model": "operacion.labor", "pk": 50, "fields": {"empleado": 5, "ini": "2017-10-07T12:00:33.245", "fin": "2017-10-07T20:05:29.680", "estado": true, "cerrado": true}}, {"model": "operacion.labor", "pk": 51, "fields": {"empleado": 5, "ini": "2017-10-08T10:57:32.142", "fin": "2017-10-08T21:09:50.601", "estado": true, "cerrado": true}}, {"model": "operacion.labor", "pk": 52, "fields": {"empleado": 7, "ini": "2017-10-08T11:59:50.887", "fin": "2017-10-08T21:10:23.559", "estado": true, "cerrado": true}}, {"model": "operacion.labor", "pk": 53, "fields": {"empleado": 4, "ini": "2017-10-09T11:34:23.465", "fin": "2017-10-09T20:57:27.213", "estado": true, "cerrado": true}}, {"model": "operacion.labor", "pk": 54, "fields": {"empleado": 4, "ini": "2017-10-10T11:25:31.318", "fin": "2017-10-10T21:37:37.208", "estado": true, "cerrado": true}}, {"model": "operacion.labor", "pk": 55, "fields": {"empleado": 4, "ini": "2017-10-11T10:58:58.977", "fin": "2017-10-11T21:28:03.899", "estado": true, "cerrado": true}}, {"model": "operacion.labor", "pk": 56, "fields": {"empleado": 4, "ini": "2017-10-12T11:02:28.623", "fin": "2017-10-12T21:28:19.283", "estado": true, "cerrado": true}}, {"model": "operacion.labor", "pk": 57, "fields": {"empleado": 4, "ini": "2017-09-27T11:20:00", "fin": "2017-09-27T21:15:00", "estado": true, "cerrado": true}}, {"model": "operacion.labor", "pk": 58, "fields": {"empleado": 4, "ini": "2017-10-13T11:46:15.476", "fin": "2017-10-13T22:13:08.253", "estado": true, "cerrado": true}}, {"model": "operacion.labor", "pk": 59, "fields": {"empleado": 6, "ini": "2017-10-13T12:00:43.457", "fin": "2017-10-13T12:01:04.868", "estado": true, "cerrado": true}}, {"model": "operacion.labor", "pk": 60, "fields": {"empleado": 6, "ini": "2017-10-13T12:01:14.843", "fin": "2017-10-13T12:01:40.754", "estado": true, "cerrado": true}}, {"model": "operacion.labor", "pk": 61, "fields": {"empleado": 6, "ini": "2017-10-13T12:02:15.947", "fin": "2017-10-13T14:31:23.736", "estado": true, "cerrado": true}}, {"model": "operacion.labor", "pk": 62, "fields": {"empleado": 6, "ini": "2017-10-13T14:31:34.971", "fin": "2017-10-13T19:54:44.539", "estado": true, "cerrado": true}}, {"model": "operacion.labor", "pk": 63, "fields": {"empleado": 4, "ini": "2017-10-14T11:08:13.533", "fin": "2017-10-14T20:56:00.498", "estado": true, "cerrado": true}}, {"model": "operacion.labor", "pk": 64, "fields": {"empleado": 5, "ini": "2017-10-14T11:39:34.575", "fin": "2017-10-14T20:01:27.132", "estado": true, "cerrado": true}}, {"model": "operacion.labor", "pk": 65, "fields": {"empleado": 5, "ini": "2017-10-15T10:51:58.691", "fin": "2017-10-15T20:59:10.177", "estado": true, "cerrado": true}}, {"model": "operacion.labor", "pk": 66, "fields": {"empleado": 7, "ini": "2017-10-15T11:49:03.050", "fin": "2017-10-15T20:30:39.885", "estado": true, "cerrado": true}}, {"model": "operacion.labor", "pk": 67, "fields": {"empleado": 7, "ini": "2017-10-16T10:58:46.835", "fin": "2017-10-16T21:11:56.123", "estado": true, "cerrado": true}}, {"model": "operacion.labor", "pk": 68, "fields": {"empleado": 5, "ini": "2017-10-16T11:56:25.369", "fin": "2017-10-16T20:05:23.310", "estado": true, "cerrado": true}}, {"model": "operacion.labor", "pk": 69, "fields": {"empleado": 4, "ini": "2017-10-17T11:06:08.557", "fin": "2017-10-17T21:48:13.263", "estado": true, "cerrado": true}}, {"model": "operacion.labor", "pk": 70, "fields": {"empleado": 4, "ini": "2017-10-18T11:02:24.202", "fin": "2017-10-18T21:40:38.649", "estado": true, "cerrado": true}}, {"model": "operacion.labor", "pk": 71, "fields": {"empleado": 4, "ini": "2017-10-19T11:14:16.847", "fin": "2017-10-19T21:25:22.292", "estado": true, "cerrado": true}}, {"model": "operacion.labor", "pk": 72, "fields": {"empleado": 5, "ini": "2017-10-20T10:59:42.460", "fin": "2017-10-20T21:00:23.699", "estado": true, "cerrado": true}}, {"model": "operacion.labor", "pk": 73, "fields": {"empleado": 4, "ini": "2017-10-21T10:45:59.973", "fin": "2017-10-21T21:16:20.845", "estado": true, "cerrado": true}}, {"model": "operacion.labor", "pk": 74, "fields": {"empleado": 5, "ini": "2017-10-21T11:53:51.382", "fin": "2017-10-21T20:02:00.894", "estado": true, "cerrado": true}}, {"model": "operacion.labor", "pk": 75, "fields": {"empleado": 5, "ini": "2017-10-22T10:53:54.106", "fin": "2017-10-22T21:46:16.061", "estado": true, "cerrado": true}}, {"model": "operacion.labor", "pk": 76, "fields": {"empleado": 7, "ini": "2017-10-22T11:54:06.955", "fin": "2017-10-22T20:48:11.312", "estado": true, "cerrado": true}}, {"model": "operacion.labor", "pk": 77, "fields": {"empleado": 4, "ini": "2017-10-23T12:45:18.220", "fin": "2017-10-23T21:33:40.615", "estado": true, "cerrado": true}}, {"model": "operacion.labor", "pk": 78, "fields": {"empleado": 4, "ini": "2017-10-24T11:05:59.391", "fin": "2017-10-24T21:15:09.319", "estado": true, "cerrado": true}}, {"model": "operacion.labor", "pk": 79, "fields": {"empleado": 4, "ini": "2017-10-25T10:44:32.644", "fin": "2017-10-25T21:51:30.656", "estado": true, "cerrado": true}}, {"model": "operacion.labor", "pk": 80, "fields": {"empleado": 4, "ini": "2017-10-26T11:03:19.375", "fin": "2017-10-26T21:02:14.283", "estado": true, "cerrado": true}}, {"model": "operacion.labor", "pk": 81, "fields": {"empleado": 6, "ini": "2017-10-27T11:00:16.893", "fin": "2017-10-27T20:59:57.839", "estado": true, "cerrado": true}}, {"model": "operacion.labor", "pk": 82, "fields": {"empleado": 4, "ini": "2017-10-27T12:50:17.228", "fin": "2017-10-27T20:02:33.585", "estado": true, "cerrado": true}}, {"model": "operacion.labor", "pk": 83, "fields": {"empleado": 5, "ini": "2017-10-28T10:59:46", "fin": "2017-10-28T22:00:00", "estado": true, "cerrado": true}}, {"model": "operacion.labor", "pk": 84, "fields": {"empleado": 4, "ini": "2017-10-28T12:46:58.807", "fin": "2017-10-28T14:13:06.390", "estado": true, "cerrado": true}}, {"model": "operacion.labor", "pk": 85, "fields": {"empleado": 4, "ini": "2017-10-28T14:13:12.591", "fin": "2017-10-29T07:50:27.814", "estado": true, "cerrado": true}}, {"model": "operacion.labor", "pk": 86, "fields": {"empleado": 7, "ini": "2017-10-29T10:43:32.620", "fin": "2017-10-29T21:41:56.231", "estado": true, "cerrado": true}}, {"model": "operacion.labor", "pk": 87, "fields": {"empleado": 5, "ini": "2017-10-29T11:54:09.351", "fin": "2017-10-29T20:08:22.552", "estado": true, "cerrado": true}}, {"model": "operacion.labor", "pk": 88, "fields": {"empleado": 4, "ini": "2017-10-30T10:57:10.468", "fin": "2017-10-30T21:30:43.025", "estado": true, "cerrado": true}}, {"model": "operacion.labor", "pk": 89, "fields": {"empleado": 4, "ini": "2017-10-31T11:25:33", "fin": "2017-10-31T21:00:00", "estado": true, "cerrado": true}}, {"model": "operacion.labor", "pk": 90, "fields": {"empleado": 4, "ini": "2017-11-01T11:13:19.157", "fin": "2017-11-01T21:25:13.299", "estado": true, "cerrado": true}}, {"model": "operacion.labor", "pk": 91, "fields": {"empleado": 4, "ini": "2017-11-02T11:53:58", "fin": "2017-11-02T09:10:35", "estado": true, "cerrado": true}}, {"model": "operacion.labor", "pk": 92, "fields": {"empleado": 4, "ini": "2017-11-07T12:14:01", "fin": "2017-11-07T21:30:00", "estado": true, "cerrado": true}}, {"model": "operacion.labor", "pk": 93, "fields": {"empleado": 4, "ini": "2017-11-08T12:07:51.582", "fin": "2017-11-08T21:15:14.659", "estado": true, "cerrado": true}}, {"model": "operacion.labor", "pk": 94, "fields": {"empleado": 4, "ini": "2017-11-09T10:55:57.683", "fin": "2017-11-09T21:32:25.724", "estado": true, "cerrado": true}}, {"model": "operacion.labor", "pk": 95, "fields": {"empleado": 4, "ini": "2017-11-10T10:56:42.799", "fin": "2017-11-10T19:51:26.129", "estado": true, "cerrado": true}}, {"model": "operacion.labor", "pk": 96, "fields": {"empleado": 6, "ini": "2017-11-10T11:26:21.682", "fin": "2017-11-10T21:26:52.435", "estado": true, "cerrado": true}}, {"model": "operacion.labor", "pk": 97, "fields": {"empleado": 4, "ini": "2017-11-16T11:02:52.317", "fin": null, "estado": true, "cerrado": false}}, {"model": "admin.logentry", "pk": 1, "fields": {"action_time": "2017-09-08T12:46:27.606", "user": 1, "content_type": 7, "object_id": "1", "object_repr": "Bogota", "action_flag": 1, "change_message": "[{\"added\": {}}]"}}, {"model": "admin.logentry", "pk": 2, "fields": {"action_time": "2017-09-08T12:46:34.571", "user": 1, "content_type": 7, "object_id": "2", "object_repr": "Cartagena", "action_flag": 1, "change_message": "[{\"added\": {}}]"}}, {"model": "admin.logentry", "pk": 3, "fields": {"action_time": "2017-09-08T12:48:52.824", "user": 1, "content_type": 10, "object_id": "2", "object_repr": "", "action_flag": 1, "change_message": "[{\"added\": {}}]"}}, {"model": "admin.logentry", "pk": 4, "fields": {"action_time": "2017-09-08T12:57:36.706", "user": 1, "content_type": 10, "object_id": "3", "object_repr": "Comboca", "action_flag": 1, "change_message": "[{\"added\": {}}]"}}, {"model": "admin.logentry", "pk": 5, "fields": {"action_time": "2017-09-08T12:59:26.380", "user": 1, "content_type": 10, "object_id": "2", "object_repr": "Empresa Logistica especializad", "action_flag": 2, "change_message": "[{\"changed\": {\"fields\": [\"username\", \"first_name\"]}}]"}}, {"model": "admin.logentry", "pk": 6, "fields": {"action_time": "2017-09-08T13:03:43.222", "user": 1, "content_type": 20, "object_id": "1", "object_repr": "Cedula", "action_flag": 1, "change_message": "[{\"added\": {}}]"}}, {"model": "admin.logentry", "pk": 7, "fields": {"action_time": "2017-09-08T13:07:32.037", "user": 1, "content_type": 8, "object_id": "1", "object_repr": "Kokorico Cartagena", "action_flag": 1, "change_message": "[{\"added\": {}}]"}}, {"model": "admin.logentry", "pk": 8, "fields": {"action_time": "2017-09-08T13:07:41.986", "user": 1, "content_type": 22, "object_id": "4", "object_repr": "Rafael andres Gomez Hermida", "action_flag": 1, "change_message": "[{\"added\": {}}]"}}, {"model": "admin.logentry", "pk": 9, "fields": {"action_time": "2017-09-08T13:10:23.386", "user": 1, "content_type": 22, "object_id": "5", "object_repr": "Rafael Sanchez", "action_flag": 1, "change_message": "[{\"added\": {}}]"}}, {"model": "admin.logentry", "pk": 10, "fields": {"action_time": "2017-09-08T13:11:40.769", "user": 1, "content_type": 22, "object_id": "6", "object_repr": "Henry Escalante Gonzales", "action_flag": 1, "change_message": "[{\"added\": {}}]"}}, {"model": "admin.logentry", "pk": 11, "fields": {"action_time": "2017-09-08T13:13:42.917", "user": 1, "content_type": 22, "object_id": "7", "object_repr": "Mario antonio Rodriguez Mackenzie", "action_flag": 1, "change_message": "[{\"added\": {}}]"}}, {"model": "admin.logentry", "pk": 12, "fields": {"action_time": "2017-09-08T13:14:50.141", "user": 1, "content_type": 22, "object_id": "8", "object_repr": "Arnulfo Castillo Albor", "action_flag": 1, "change_message": "[{\"added\": {}}]"}}, {"model": "admin.logentry", "pk": 13, "fields": {"action_time": "2017-09-08T13:23:12.746", "user": 1, "content_type": 23, "object_id": "9", "object_repr": "Libia Mendivil", "action_flag": 1, "change_message": "[{\"added\": {}}]"}}, {"model": "admin.logentry", "pk": 14, "fields": {"action_time": "2017-09-08T13:38:07.972", "user": 1, "content_type": 23, "object_id": "10", "object_repr": "Doris Zarmiento", "action_flag": 1, "change_message": "[{\"added\": {}}]"}}, {"model": "admin.logentry", "pk": 15, "fields": {"action_time": "2017-09-08T13:40:42.794", "user": 1, "content_type": 23, "object_id": "11", "object_repr": "Yesmi Begambre", "action_flag": 1, "change_message": "[{\"added\": {}}]"}}, {"model": "admin.logentry", "pk": 16, "fields": {"action_time": "2017-09-08T15:53:35.238", "user": 1, "content_type": 16, "object_id": "1", "object_repr": "Lunes", "action_flag": 1, "change_message": "[{\"added\": {}}]"}}, {"model": "admin.logentry", "pk": 17, "fields": {"action_time": "2017-09-08T16:36:15.271", "user": 1, "content_type": 28, "object_id": "1", "object_repr": "ZBQ22A", "action_flag": 1, "change_message": "[{\"added\": {}}]"}}, {"model": "admin.logentry", "pk": 18, "fields": {"action_time": "2017-09-08T16:38:26.373", "user": 1, "content_type": 28, "object_id": "2", "object_repr": "YWE23C", "action_flag": 1, "change_message": "[{\"added\": {}}]"}}, {"model": "admin.logentry", "pk": 19, "fields": {"action_time": "2017-09-08T16:39:30.103", "user": 1, "content_type": 28, "object_id": "3", "object_repr": "RNY73C", "action_flag": 1, "change_message": "[{\"added\": {}}]"}}, {"model": "admin.logentry", "pk": 20, "fields": {"action_time": "2017-09-08T16:39:46.844", "user": 1, "content_type": 16, "object_id": "2", "object_repr": "Martes", "action_flag": 1, "change_message": "[{\"added\": {}}]"}}, {"model": "admin.logentry", "pk": 21, "fields": {"action_time": "2017-09-20T16:12:50.746", "user": 1, "content_type": 4, "object_id": "4", "object_repr": "rafael", "action_flag": 2, "change_message": "[{\"changed\": {\"fields\": [\"first_name\"]}}]"}}, {"model": "admin.logentry", "pk": 22, "fields": {"action_time": "2017-09-24T12:35:16.504", "user": 1, "content_type": 28, "object_id": "4", "object_repr": "QWE89A", "action_flag": 1, "change_message": "[{\"added\": {}}]"}}, {"model": "admin.logentry", "pk": 23, "fields": {"action_time": "2017-09-24T12:36:57.152", "user": 1, "content_type": 28, "object_id": "5", "object_repr": "IOP98K", "action_flag": 1, "change_message": "[{\"added\": {}}]"}}, {"model": "admin.logentry", "pk": 24, "fields": {"action_time": "2017-09-25T12:35:49.587", "user": 1, "content_type": 9, "object_id": "12", "object_repr": "Raudi Machacon", "action_flag": 1, "change_message": "[{\"added\": {}}]"}}, {"model": "admin.logentry", "pk": 25, "fields": {"action_time": "2017-09-25T12:38:13.386", "user": 1, "content_type": 9, "object_id": "12", "object_repr": "Raudi Machacon", "action_flag": 2, "change_message": "[{\"changed\": {\"fields\": [\"identificacion\"]}}]"}}, {"model": "admin.logentry", "pk": 26, "fields": {"action_time": "2017-09-25T15:53:14.520", "user": 1, "content_type": 4, "object_id": "3", "object_repr": "comboca", "action_flag": 2, "change_message": "[{\"changed\": {\"fields\": [\"password\"]}}]"}}, {"model": "admin.logentry", "pk": 27, "fields": {"action_time": "2017-09-25T15:56:47.641", "user": 1, "content_type": 10, "object_id": "3", "object_repr": "Comboca", "action_flag": 2, "change_message": "[]"}}, {"model": "admin.logentry", "pk": 28, "fields": {"action_time": "2017-09-26T11:29:55.666", "user": 1, "content_type": 4, "object_id": "12", "object_repr": "raudi", "action_flag": 2, "change_message": "[{\"changed\": {\"fields\": [\"password\"]}}]"}}, {"model": "admin.logentry", "pk": 29, "fields": {"action_time": "2017-09-26T14:14:18.037", "user": 1, "content_type": 16, "object_id": "3", "object_repr": "Miercoles", "action_flag": 1, "change_message": "[{\"added\": {}}]"}}, {"model": "admin.logentry", "pk": 30, "fields": {"action_time": "2017-09-26T14:14:28.859", "user": 1, "content_type": 16, "object_id": "4", "object_repr": "Jueves", "action_flag": 1, "change_message": "[{\"added\": {}}]"}}, {"model": "admin.logentry", "pk": 31, "fields": {"action_time": "2017-09-26T14:14:40.594", "user": 1, "content_type": 16, "object_id": "5", "object_repr": "Viernes", "action_flag": 1, "change_message": "[{\"added\": {}}]"}}, {"model": "admin.logentry", "pk": 32, "fields": {"action_time": "2017-09-26T14:14:49.579", "user": 1, "content_type": 16, "object_id": "6", "object_repr": "Sabado", "action_flag": 1, "change_message": "[{\"added\": {}}]"}}, {"model": "admin.logentry", "pk": 33, "fields": {"action_time": "2017-09-26T14:15:00.013", "user": 1, "content_type": 16, "object_id": "7", "object_repr": "Domingo", "action_flag": 1, "change_message": "[{\"added\": {}}]"}}, {"model": "admin.logentry", "pk": 34, "fields": {"action_time": "2017-09-26T14:15:13.549", "user": 1, "content_type": 16, "object_id": "8", "object_repr": "Festivo", "action_flag": 1, "change_message": "[{\"added\": {}}]"}}, {"model": "admin.logentry", "pk": 35, "fields": {"action_time": "2017-09-26T14:17:26.072", "user": 1, "content_type": 18, "object_id": "1", "object_repr": "Comboca", "action_flag": 1, "change_message": "[{\"added\": {}}]"}}, {"model": "admin.logentry", "pk": 36, "fields": {"action_time": "2017-09-26T14:18:05.783", "user": 1, "content_type": 18, "object_id": "2", "object_repr": "Comboca", "action_flag": 1, "change_message": "[{\"added\": {}}]"}}, {"model": "admin.logentry", "pk": 37, "fields": {"action_time": "2017-09-26T14:41:37.746", "user": 1, "content_type": 8, "object_id": "1", "object_repr": "Kokorico Cartagena", "action_flag": 2, "change_message": "[]"}}, {"model": "admin.logentry", "pk": 38, "fields": {"action_time": "2017-09-27T18:09:36.863", "user": 1, "content_type": 12, "object_id": "5", "object_repr": "Rafael Sanchez", "action_flag": 2, "change_message": "[{\"changed\": {\"fields\": [\"fin\"]}}]"}}, {"model": "admin.logentry", "pk": 39, "fields": {"action_time": "2017-09-27T18:13:55.200", "user": 1, "content_type": 12, "object_id": "5", "object_repr": "Rafael Sanchez", "action_flag": 2, "change_message": "[{\"changed\": {\"fields\": [\"fin\"]}}]"}}, {"model": "admin.logentry", "pk": 40, "fields": {"action_time": "2017-09-27T18:15:28.053", "user": 1, "content_type": 12, "object_id": "4", "object_repr": "Rafael Andres Gomez Hermida", "action_flag": 2, "change_message": "[{\"changed\": {\"fields\": [\"fin\"]}}]"}}, {"model": "admin.logentry", "pk": 41, "fields": {"action_time": "2017-09-27T18:17:01.437", "user": 1, "content_type": 12, "object_id": "7", "object_repr": "Rafael Andres Gomez Hermida", "action_flag": 2, "change_message": "[{\"changed\": {\"fields\": [\"fin\"]}}]"}}, {"model": "admin.logentry", "pk": 42, "fields": {"action_time": "2017-09-27T18:17:53.186", "user": 1, "content_type": 12, "object_id": "4", "object_repr": "Rafael Andres Gomez Hermida", "action_flag": 2, "change_message": "[{\"changed\": {\"fields\": [\"fin\"]}}]"}}, {"model": "admin.logentry", "pk": 43, "fields": {"action_time": "2017-09-27T18:19:10.674", "user": 1, "content_type": 12, "object_id": "13", "object_repr": "Rafael Andres Gomez Hermida", "action_flag": 2, "change_message": "[{\"changed\": {\"fields\": [\"fin\"]}}]"}}, {"model": "admin.logentry", "pk": 44, "fields": {"action_time": "2017-09-27T18:19:30.971", "user": 1, "content_type": 12, "object_id": "5", "object_repr": "Rafael Sanchez", "action_flag": 2, "change_message": "[{\"changed\": {\"fields\": [\"fin\"]}}]"}}, {"model": "admin.logentry", "pk": 45, "fields": {"action_time": "2017-09-27T18:19:55.019", "user": 1, "content_type": 12, "object_id": "4", "object_repr": "Rafael Andres Gomez Hermida", "action_flag": 2, "change_message": "[{\"changed\": {\"fields\": [\"fin\"]}}]"}}, {"model": "admin.logentry", "pk": 46, "fields": {"action_time": "2017-09-27T18:20:15.935", "user": 1, "content_type": 12, "object_id": "7", "object_repr": "Rafael Andres Gomez Hermida", "action_flag": 2, "change_message": "[{\"changed\": {\"fields\": [\"fin\"]}}]"}}, {"model": "admin.logentry", "pk": 47, "fields": {"action_time": "2017-09-27T18:22:14.197", "user": 1, "content_type": 12, "object_id": "29", "object_repr": "Rafael Andres Gomez Hermida", "action_flag": 2, "change_message": "[{\"changed\": {\"fields\": [\"fin\"]}}]"}}, {"model": "admin.logentry", "pk": 48, "fields": {"action_time": "2017-09-29T08:18:19.519", "user": 1, "content_type": 12, "object_id": "35", "object_repr": "Rafael Andres Gomez Hermida", "action_flag": 2, "change_message": "[{\"changed\": {\"fields\": [\"fin\"]}}]"}}, {"model": "admin.logentry", "pk": 49, "fields": {"action_time": "2017-09-29T08:18:51.090", "user": 1, "content_type": 12, "object_id": "35", "object_repr": "Rafael Andres Gomez Hermida", "action_flag": 2, "change_message": "[{\"changed\": {\"fields\": [\"ini\", \"fin\"]}}]"}}, {"model": "admin.logentry", "pk": 50, "fields": {"action_time": "2017-10-12T09:05:08.818", "user": 1, "content_type": 12, "object_id": "46", "object_repr": "Rafael Andres Gomez Hermida", "action_flag": 3, "change_message": ""}}, {"model": "admin.logentry", "pk": 51, "fields": {"action_time": "2017-10-12T12:17:45.085", "user": 1, "content_type": 12, "object_id": "39", "object_repr": "Rafael Andres Gomez Hermida", "action_flag": 2, "change_message": "[{\"changed\": {\"fields\": [\"fin\"]}}]"}}, {"model": "admin.logentry", "pk": 52, "fields": {"action_time": "2017-10-12T12:19:19.749", "user": 1, "content_type": 12, "object_id": "8", "object_repr": "Rafael Sanchez", "action_flag": 3, "change_message": ""}}, {"model": "admin.logentry", "pk": 53, "fields": {"action_time": "2017-10-12T12:20:15.727", "user": 1, "content_type": 12, "object_id": "36", "object_repr": "Rafael Andres Gomez Hermida", "action_flag": 2, "change_message": "[{\"changed\": {\"fields\": [\"fin\"]}}]"}}, {"model": "admin.logentry", "pk": 54, "fields": {"action_time": "2017-10-12T12:21:40.849", "user": 1, "content_type": 12, "object_id": "41", "object_repr": "Rafael Sanchez", "action_flag": 2, "change_message": "[{\"changed\": {\"fields\": [\"ini\", \"fin\"]}}]"}}, {"model": "admin.logentry", "pk": 55, "fields": {"action_time": "2017-10-12T12:29:30.904", "user": 1, "content_type": 12, "object_id": "34", "object_repr": "Rafael Andres Gomez Hermida", "action_flag": 2, "change_message": "[{\"changed\": {\"fields\": [\"fin\"]}}]"}}, {"model": "admin.logentry", "pk": 56, "fields": {"action_time": "2017-10-12T12:30:53.499", "user": 1, "content_type": 12, "object_id": "36", "object_repr": "Rafael Andres Gomez Hermida", "action_flag": 3, "change_message": ""}}, {"model": "admin.logentry", "pk": 57, "fields": {"action_time": "2017-10-12T12:36:17.972", "user": 1, "content_type": 12, "object_id": "40", "object_repr": "Rafael Sanchez", "action_flag": 3, "change_message": ""}}, {"model": "admin.logentry", "pk": 58, "fields": {"action_time": "2017-10-12T12:38:35.539", "user": 1, "content_type": 12, "object_id": "45", "object_repr": "Rafael Andres Gomez Hermida", "action_flag": 3, "change_message": ""}}, {"model": "admin.logentry", "pk": 59, "fields": {"action_time": "2017-10-12T12:59:34.704", "user": 1, "content_type": 12, "object_id": "57", "object_repr": "Rafael Andres Gomez Hermida", "action_flag": 1, "change_message": "[{\"added\": {}}]"}}, {"model": "admin.logentry", "pk": 60, "fields": {"action_time": "2017-10-12T13:09:37.790", "user": 1, "content_type": 12, "object_id": "57", "object_repr": "Rafael Andres Gomez Hermida", "action_flag": 2, "change_message": "[{\"changed\": {\"fields\": [\"cerrado\"]}}]"}}, {"model": "admin.logentry", "pk": 61, "fields": {"action_time": "2017-10-14T11:21:18.232", "user": 1, "content_type": 4, "object_id": "10", "object_repr": "Kokocrespo1", "action_flag": 2, "change_message": "[{\"changed\": {\"fields\": [\"username\"]}}]"}}, {"model": "admin.logentry", "pk": 62, "fields": {"action_time": "2017-10-14T11:21:36.095", "user": 1, "content_type": 4, "object_id": "10", "object_repr": "Kokocrespo1", "action_flag": 2, "change_message": "[{\"changed\": {\"fields\": [\"password\"]}}]"}}, {"model": "admin.logentry", "pk": 63, "fields": {"action_time": "2017-10-14T11:21:42.741", "user": 1, "content_type": 4, "object_id": "10", "object_repr": "Kokocrespo1", "action_flag": 2, "change_message": "[]"}}, {"model": "admin.logentry", "pk": 64, "fields": {"action_time": "2017-10-30T15:18:00.753", "user": 1, "content_type": 12, "object_id": "83", "object_repr": "Rafael Sanchez", "action_flag": 2, "change_message": "[{\"changed\": {\"fields\": [\"fin\"]}}]"}}, {"model": "admin.logentry", "pk": 65, "fields": {"action_time": "2017-11-14T14:28:47.849", "user": 1, "content_type": 12, "object_id": "91", "object_repr": "Rafael Andres Gomez Hermida", "action_flag": 2, "change_message": "[{\"changed\": {\"fields\": [\"fin\"]}}]"}}, {"model": "admin.logentry", "pk": 66, "fields": {"action_time": "2017-11-16T15:47:10.282", "user": 1, "content_type": 12, "object_id": "89", "object_repr": "Rafael Andres Gomez Hermida", "action_flag": 2, "change_message": "[{\"changed\": {\"fields\": [\"fin\"]}}]"}}, {"model": "admin.logentry", "pk": 67, "fields": {"action_time": "2017-11-16T15:49:27.845", "user": 1, "content_type": 12, "object_id": "92", "object_repr": "Rafael Andres Gomez Hermida", "action_flag": 2, "change_message": "[{\"changed\": {\"fields\": [\"fin\"]}}]"}}, {"model": "admin.logentry", "pk": 68, "fields": {"action_time": "2017-11-16T15:49:33.400", "user": 1, "content_type": 12, "object_id": "89", "object_repr": "Rafael Andres Gomez Hermida", "action_flag": 2, "change_message": "[]"}}, {"model": "admin.logentry", "pk": 69, "fields": {"action_time": "2017-11-16T15:49:42.053", "user": 1, "content_type": 12, "object_id": "92", "object_repr": "Rafael Andres Gomez Hermida", "action_flag": 2, "change_message": "[]"}}]